{
  "nodes":
  [
    {
      "type":"kernel"
      , "id":63
      , "name":"'lambda'()"
      , "children":
      [
        {
          "type":"inst"
          , "id":73
          , "name":"Store"
          , "debug":
          [
            [
              {
                "filename":"/ihome/ageorge/opl1/Documents/k_mers/kmer_testing/./src/two_bit_v19_HBM_test_v12_medium_v9_half.cpp"
                , "line":94
              }
            ]
          ]
          , "details":
          [
            {
              "type":"table"
              , "Width":"32 bits"
              , "Type":"Pipelined never-stall"
              , "Stall-free":"Yes"
              , "Stores to":"early_qs"
              , "Start Cycle":"4"
              , "Latency":"1"
              , "Reference":
              [
                {
                  "type":"text"
                  , "text":"See %L for more information"
                  , "links":
                  [
                    {
                      "guide":"Best Practices Guide : Load-Store Units"
                      , "link":"file:////opt/intel/oneapi/compiler/2023.0.0/linux/lib/oclfpga/aoc_help_pages/yeo1491314105959.html"
                    }
                  ]
                }
              ]
            }
          ]
        }
        , {
          "type":"inst"
          , "id":74
          , "name":"Store"
          , "debug":
          [
            [
              {
                "filename":"/ihome/ageorge/opl1/Documents/k_mers/kmer_testing/./src/two_bit_v19_HBM_test_v12_medium_v9_half.cpp"
                , "line":95
              }
            ]
          ]
          , "details":
          [
            {
              "type":"table"
              , "Width":"16 bits"
              , "Type":"Pipelined never-stall"
              , "Stall-free":"Yes"
              , "Stores to":"early_qs"
              , "Start Cycle":"4"
              , "Latency":"1"
              , "Reference":
              [
                {
                  "type":"text"
                  , "text":"See %L for more information"
                  , "links":
                  [
                    {
                      "guide":"Best Practices Guide : Load-Store Units"
                      , "link":"file:////opt/intel/oneapi/compiler/2023.0.0/linux/lib/oclfpga/aoc_help_pages/yeo1491314105959.html"
                    }
                  ]
                }
              ]
            }
          ]
        }
        , {
          "type":"inst"
          , "id":75
          , "name":"Load"
          , "debug":
          [
            [
              {
                "filename":""
                , "line":0
              }
            ]
          ]
          , "details":
          [
            {
              "type":"table"
              , "Width":"256 bits"
              , "Type":"Pipelined never-stall"
              , "Stall-free":"Yes"
              , "Loads from":"early_qs"
              , "Start Cycle":"1"
              , "Latency":"4"
              , "Reference":
              [
                {
                  "type":"text"
                  , "text":"See %L for more information"
                  , "links":
                  [
                    {
                      "guide":"Best Practices Guide : Load-Store Units"
                      , "link":"file:////opt/intel/oneapi/compiler/2023.0.0/linux/lib/oclfpga/aoc_help_pages/yeo1491314105959.html"
                    }
                  ]
                }
              ]
            }
          ]
        }
        , {
          "type":"inst"
          , "id":76
          , "name":"Load"
          , "debug":
          [
            [
              {
                "filename":""
                , "line":0
              }
            ]
          ]
          , "details":
          [
            {
              "type":"table"
              , "Width":"512 bits"
              , "Type":"Pipelined never-stall"
              , "Stall-free":"Yes"
              , "Loads from":"early_qs"
              , "Start Cycle":"1"
              , "Latency":"4"
              , "Reference":
              [
                {
                  "type":"text"
                  , "text":"See %L for more information"
                  , "links":
                  [
                    {
                      "guide":"Best Practices Guide : Load-Store Units"
                      , "link":"file:////opt/intel/oneapi/compiler/2023.0.0/linux/lib/oclfpga/aoc_help_pages/yeo1491314105959.html"
                    }
                  ]
                }
              ]
            }
          ]
        }
        , {
          "type":"inst"
          , "id":92
          , "name":"Store"
          , "debug":
          [
            [
              {
                "filename":"/ihome/ageorge/opl1/Documents/k_mers/kmer_testing/./src/two_bit_v19_HBM_test_v12_medium_v9_half.cpp"
                , "line":908
              }
            ]
          ]
          , "details":
          [
            {
              "type":"table"
              , "Width":"512 bits"
              , "Type":"Pipelined never-stall"
              , "Stall-free":"Yes"
              , "Stores to":"early_qs"
              , "Start Cycle":"7"
              , "Latency":"1"
              , "Reference":
              [
                {
                  "type":"text"
                  , "text":"See %L for more information"
                  , "links":
                  [
                    {
                      "guide":"Best Practices Guide : Load-Store Units"
                      , "link":"file:////opt/intel/oneapi/compiler/2023.0.0/linux/lib/oclfpga/aoc_help_pages/yeo1491314105959.html"
                    }
                  ]
                }
              ]
            }
          ]
        }
        , {
          "type":"inst"
          , "id":95
          , "name":"Store"
          , "debug":
          [
            [
              {
                "filename":"/ihome/ageorge/opl1/Documents/k_mers/kmer_testing/./src/two_bit_v19_HBM_test_v12_medium_v9_half.cpp"
                , "line":908
              }
            ]
          ]
          , "details":
          [
            {
              "type":"table"
              , "Width":"256 bits"
              , "Type":"Pipelined never-stall"
              , "Stall-free":"Yes"
              , "Stores to":"early_qs"
              , "Start Cycle":"6"
              , "Latency":"1"
              , "Reference":
              [
                {
                  "type":"text"
                  , "text":"See %L for more information"
                  , "links":
                  [
                    {
                      "guide":"Best Practices Guide : Load-Store Units"
                      , "link":"file:////opt/intel/oneapi/compiler/2023.0.0/linux/lib/oclfpga/aoc_help_pages/yeo1491314105959.html"
                    }
                  ]
                }
              ]
            }
          ]
        }
        , {
          "type":"memtype"
          , "id":111
          , "name":"On-chip Memory"
          , "children":
          [
            {
              "type":"memsys"
              , "id":112
              , "name":"early_qs"
              , "debug":
              [
                [
                  {
                    "filename":"two_bit_v19_HBM_test_v12_medium_v9_half.cpp"
                    , "line":873
                  }
                ]
              ]
              , "children":
              [
                {
                  "type":"bank"
                  , "id":113
                  , "name":"Bank 0"
                  , "debug":
                  [
                    [
                      {
                        "filename":"two_bit_v19_HBM_test_v12_medium_v9_half.cpp"
                        , "line":873
                      }
                    ]
                  ]
                  , "children":
                  [
                    {
                      "type":"port"
                      , "id":114
                      , "name":"RW"
                    }
                    , {
                      "type":"port"
                      , "id":116
                      , "name":"RW"
                    }
                  ]
                  , "details":
                  [
                    {
                      "type":"table"
                      , "details":
                      [
                        {
                          "type":"brief"
                          , "text":"2 total ports/bank\n0 read ports/bank\n0 write ports/bank"
                        }
                      ]
                      , "Total number of ports per bank":"2"
                      , "Number of read ports per bank":"0"
                      , "Number of write ports per bank":"0"
                      , "Number of shared ports per bank":"2"
                      , "Total replication":"1"
                    }
                  ]
                }
              ]
              , "details":
              [
                {
                  "type":"table"
                  , "Requested size":"84 bytes"
                  , "Implemented size":"128 bytes"
                  , "Number of banks":"1"
                  , "Bank width":"512 bits"
                  , "Bank depth":"2 words"
                  , "Number of replicates":"1"
                  , "Number of private copies":"1"
                  , "Reference":
                  [
                    {
                      "type":"text"
                      , "text":"See %L for more information"
                      , "links":
                      [
                        {
                          "guide":"Best Practices Guide : Local Memory"
                          , "link":"file:////opt/intel/oneapi/compiler/2023.0.0/linux/lib/oclfpga/aoc_help_pages/chn1469549457114.html"
                        }
                      ]
                    }
                  ]
                }
              ]
            }
          ]
        }
        , {
          "type":"arb"
          , "id":115
          , "name":"SHARE"
          , "details":
          [
            {
              "type":"table"
              , "Additional Information":"Mutually exclusive accesses, no stalls"
            }
          ]
        }
        , {
          "type":"arb"
          , "id":117
          , "name":"SHARE"
          , "details":
          [
            {
              "type":"table"
              , "Additional Information":"Mutually exclusive accesses, no stalls"
            }
          ]
        }
      ]
    }
    , {
      "type":"kernel"
      , "id":694
      , "name":"'lambda'()"
      , "children":
      [
        {
          "type":"inst"
          , "id":704
          , "name":"Store"
          , "debug":
          [
            [
              {
                "filename":"/ihome/ageorge/opl1/Documents/k_mers/kmer_testing/./src/two_bit_v19_HBM_test_v12_medium_v9_half.cpp"
                , "line":94
              }
            ]
          ]
          , "details":
          [
            {
              "type":"table"
              , "Width":"32 bits"
              , "Type":"Pipelined never-stall"
              , "Stall-free":"Yes"
              , "Stores to":"early_qs"
              , "Start Cycle":"4"
              , "Latency":"1"
              , "Reference":
              [
                {
                  "type":"text"
                  , "text":"See %L for more information"
                  , "links":
                  [
                    {
                      "guide":"Best Practices Guide : Load-Store Units"
                      , "link":"file:////opt/intel/oneapi/compiler/2023.0.0/linux/lib/oclfpga/aoc_help_pages/yeo1491314105959.html"
                    }
                  ]
                }
              ]
            }
          ]
        }
        , {
          "type":"inst"
          , "id":705
          , "name":"Store"
          , "debug":
          [
            [
              {
                "filename":"/ihome/ageorge/opl1/Documents/k_mers/kmer_testing/./src/two_bit_v19_HBM_test_v12_medium_v9_half.cpp"
                , "line":95
              }
            ]
          ]
          , "details":
          [
            {
              "type":"table"
              , "Width":"16 bits"
              , "Type":"Pipelined never-stall"
              , "Stall-free":"Yes"
              , "Stores to":"early_qs"
              , "Start Cycle":"4"
              , "Latency":"1"
              , "Reference":
              [
                {
                  "type":"text"
                  , "text":"See %L for more information"
                  , "links":
                  [
                    {
                      "guide":"Best Practices Guide : Load-Store Units"
                      , "link":"file:////opt/intel/oneapi/compiler/2023.0.0/linux/lib/oclfpga/aoc_help_pages/yeo1491314105959.html"
                    }
                  ]
                }
              ]
            }
          ]
        }
        , {
          "type":"inst"
          , "id":706
          , "name":"Load"
          , "debug":
          [
            [
              {
                "filename":""
                , "line":0
              }
            ]
          ]
          , "details":
          [
            {
              "type":"table"
              , "Width":"256 bits"
              , "Type":"Pipelined never-stall"
              , "Stall-free":"Yes"
              , "Loads from":"early_qs"
              , "Start Cycle":"1"
              , "Latency":"4"
              , "Reference":
              [
                {
                  "type":"text"
                  , "text":"See %L for more information"
                  , "links":
                  [
                    {
                      "guide":"Best Practices Guide : Load-Store Units"
                      , "link":"file:////opt/intel/oneapi/compiler/2023.0.0/linux/lib/oclfpga/aoc_help_pages/yeo1491314105959.html"
                    }
                  ]
                }
              ]
            }
          ]
        }
        , {
          "type":"inst"
          , "id":707
          , "name":"Load"
          , "debug":
          [
            [
              {
                "filename":""
                , "line":0
              }
            ]
          ]
          , "details":
          [
            {
              "type":"table"
              , "Width":"512 bits"
              , "Type":"Pipelined never-stall"
              , "Stall-free":"Yes"
              , "Loads from":"early_qs"
              , "Start Cycle":"1"
              , "Latency":"4"
              , "Reference":
              [
                {
                  "type":"text"
                  , "text":"See %L for more information"
                  , "links":
                  [
                    {
                      "guide":"Best Practices Guide : Load-Store Units"
                      , "link":"file:////opt/intel/oneapi/compiler/2023.0.0/linux/lib/oclfpga/aoc_help_pages/yeo1491314105959.html"
                    }
                  ]
                }
              ]
            }
          ]
        }
        , {
          "type":"inst"
          , "id":717
          , "name":"Store"
          , "debug":
          [
            [
              {
                "filename":"/ihome/ageorge/opl1/Documents/k_mers/kmer_testing/./src/two_bit_v19_HBM_test_v12_medium_v9_half.cpp"
                , "line":825
              }
            ]
          ]
          , "details":
          [
            {
              "type":"table"
              , "Width":"512 bits"
              , "Type":"Pipelined never-stall"
              , "Stall-free":"Yes"
              , "Stores to":"early_qs"
              , "Start Cycle":"6"
              , "Latency":"1"
              , "Reference":
              [
                {
                  "type":"text"
                  , "text":"See %L for more information"
                  , "links":
                  [
                    {
                      "guide":"Best Practices Guide : Load-Store Units"
                      , "link":"file:////opt/intel/oneapi/compiler/2023.0.0/linux/lib/oclfpga/aoc_help_pages/yeo1491314105959.html"
                    }
                  ]
                }
              ]
            }
          ]
        }
        , {
          "type":"inst"
          , "id":720
          , "name":"Store"
          , "debug":
          [
            [
              {
                "filename":"/ihome/ageorge/opl1/Documents/k_mers/kmer_testing/./src/two_bit_v19_HBM_test_v12_medium_v9_half.cpp"
                , "line":825
              }
            ]
          ]
          , "details":
          [
            {
              "type":"table"
              , "Width":"256 bits"
              , "Type":"Pipelined never-stall"
              , "Stall-free":"Yes"
              , "Stores to":"early_qs"
              , "Start Cycle":"6"
              , "Latency":"1"
              , "Reference":
              [
                {
                  "type":"text"
                  , "text":"See %L for more information"
                  , "links":
                  [
                    {
                      "guide":"Best Practices Guide : Load-Store Units"
                      , "link":"file:////opt/intel/oneapi/compiler/2023.0.0/linux/lib/oclfpga/aoc_help_pages/yeo1491314105959.html"
                    }
                  ]
                }
              ]
            }
          ]
        }
        , {
          "type":"memtype"
          , "id":737
          , "name":"On-chip Memory"
          , "children":
          [
            {
              "type":"memsys"
              , "id":738
              , "name":"early_qs"
              , "debug":
              [
                [
                  {
                    "filename":"two_bit_v19_HBM_test_v12_medium_v9_half.cpp"
                    , "line":790
                  }
                ]
              ]
              , "children":
              [
                {
                  "type":"bank"
                  , "id":739
                  , "name":"Bank 0"
                  , "debug":
                  [
                    [
                      {
                        "filename":"two_bit_v19_HBM_test_v12_medium_v9_half.cpp"
                        , "line":790
                      }
                    ]
                  ]
                  , "children":
                  [
                    {
                      "type":"port"
                      , "id":740
                      , "name":"RW"
                    }
                    , {
                      "type":"port"
                      , "id":742
                      , "name":"RW"
                    }
                  ]
                  , "details":
                  [
                    {
                      "type":"table"
                      , "details":
                      [
                        {
                          "type":"brief"
                          , "text":"2 total ports/bank\n0 read ports/bank\n0 write ports/bank"
                        }
                      ]
                      , "Total number of ports per bank":"2"
                      , "Number of read ports per bank":"0"
                      , "Number of write ports per bank":"0"
                      , "Number of shared ports per bank":"2"
                      , "Total replication":"1"
                    }
                  ]
                }
              ]
              , "details":
              [
                {
                  "type":"table"
                  , "Requested size":"96 bytes"
                  , "Implemented size":"128 bytes"
                  , "Number of banks":"1"
                  , "Bank width":"512 bits"
                  , "Bank depth":"2 words"
                  , "Number of replicates":"1"
                  , "Number of private copies":"1"
                  , "Reference":
                  [
                    {
                      "type":"text"
                      , "text":"See %L for more information"
                      , "links":
                      [
                        {
                          "guide":"Best Practices Guide : Local Memory"
                          , "link":"file:////opt/intel/oneapi/compiler/2023.0.0/linux/lib/oclfpga/aoc_help_pages/chn1469549457114.html"
                        }
                      ]
                    }
                  ]
                }
              ]
            }
          ]
        }
        , {
          "type":"arb"
          , "id":741
          , "name":"SHARE"
          , "details":
          [
            {
              "type":"table"
              , "Additional Information":"Mutually exclusive accesses, no stalls"
            }
          ]
        }
        , {
          "type":"arb"
          , "id":743
          , "name":"SHARE"
          , "details":
          [
            {
              "type":"table"
              , "Additional Information":"Mutually exclusive accesses, no stalls"
            }
          ]
        }
      ]
    }
  ]
  , "links":
  [
    {
      "from":73
      , "to":115
    }
    , {
      "from":92
      , "to":115
    }
    , {
      "from":115
      , "to":75
    }
    , {
      "from":115
      , "to":114
    }
    , {
      "from":114
      , "to":115
    }
    , {
      "from":117
      , "to":76
    }
    , {
      "from":74
      , "to":117
    }
    , {
      "from":95
      , "to":117
    }
    , {
      "from":117
      , "to":116
    }
    , {
      "from":116
      , "to":117
    }
    , {
      "from":741
      , "to":706
    }
    , {
      "from":704
      , "to":741
    }
    , {
      "from":717
      , "to":741
    }
    , {
      "from":741
      , "to":740
    }
    , {
      "from":740
      , "to":741
    }
    , {
      "from":743
      , "to":707
    }
    , {
      "from":705
      , "to":743
    }
    , {
      "from":720
      , "to":743
    }
    , {
      "from":743
      , "to":742
    }
    , {
      "from":742
      , "to":743
    }
  ]
}
