{
  "nodes":
  [
    {
      "type":"kernel"
      , "id":67
      , "name":"'lambda'()"
      , "children":
      [
        {
          "type":"inst"
          , "id":77
          , "name":"Store"
          , "debug":
          [
            [
              {
                "filename":"/ihome/ageorge/opl1/Documents/k_mers/kmer_testing/./src/two_bit_v19_HBM_test_v12_medium_v9.cpp"
                , "line":92
              }
            ]
          ]
          , "details":
          [
            {
              "type":"table"
              , "Width":"32 bits"
              , "Type":"Pipelined never-stall"
              , "Stall-free":"Yes"
              , "Stores to":"early_qs"
              , "Start Cycle":"4"
              , "Latency":"1"
              , "Reference":
              [
                {
                  "type":"text"
                  , "text":"See %L for more information"
                  , "links":
                  [
                    {
                      "guide":"Best Practices Guide : Load-Store Units"
                      , "link":"file:////opt/intel/oneapi/compiler/2023.0.0/linux/lib/oclfpga/aoc_help_pages/yeo1491314105959.html"
                    }
                  ]
                }
              ]
            }
          ]
        }
        , {
          "type":"inst"
          , "id":78
          , "name":"Store"
          , "debug":
          [
            [
              {
                "filename":"/ihome/ageorge/opl1/Documents/k_mers/kmer_testing/./src/two_bit_v19_HBM_test_v12_medium_v9.cpp"
                , "line":93
              }
            ]
          ]
          , "details":
          [
            {
              "type":"table"
              , "Width":"16 bits"
              , "Type":"Pipelined never-stall"
              , "Stall-free":"Yes"
              , "Stores to":"early_qs"
              , "Start Cycle":"4"
              , "Latency":"1"
              , "Reference":
              [
                {
                  "type":"text"
                  , "text":"See %L for more information"
                  , "links":
                  [
                    {
                      "guide":"Best Practices Guide : Load-Store Units"
                      , "link":"file:////opt/intel/oneapi/compiler/2023.0.0/linux/lib/oclfpga/aoc_help_pages/yeo1491314105959.html"
                    }
                  ]
                }
              ]
            }
          ]
        }
        , {
          "type":"inst"
          , "id":79
          , "name":"Load"
          , "debug":
          [
            [
              {
                "filename":""
                , "line":0
              }
            ]
          ]
          , "details":
          [
            {
              "type":"table"
              , "Width":"256 bits"
              , "Type":"Pipelined never-stall"
              , "Stall-free":"Yes"
              , "Loads from":"early_qs"
              , "Start Cycle":"1"
              , "Latency":"4"
              , "Reference":
              [
                {
                  "type":"text"
                  , "text":"See %L for more information"
                  , "links":
                  [
                    {
                      "guide":"Best Practices Guide : Load-Store Units"
                      , "link":"file:////opt/intel/oneapi/compiler/2023.0.0/linux/lib/oclfpga/aoc_help_pages/yeo1491314105959.html"
                    }
                  ]
                }
              ]
            }
          ]
        }
        , {
          "type":"inst"
          , "id":80
          , "name":"Load"
          , "debug":
          [
            [
              {
                "filename":""
                , "line":0
              }
            ]
          ]
          , "details":
          [
            {
              "type":"table"
              , "Width":"512 bits"
              , "Type":"Pipelined never-stall"
              , "Stall-free":"Yes"
              , "Loads from":"early_qs"
              , "Start Cycle":"1"
              , "Latency":"4"
              , "Reference":
              [
                {
                  "type":"text"
                  , "text":"See %L for more information"
                  , "links":
                  [
                    {
                      "guide":"Best Practices Guide : Load-Store Units"
                      , "link":"file:////opt/intel/oneapi/compiler/2023.0.0/linux/lib/oclfpga/aoc_help_pages/yeo1491314105959.html"
                    }
                  ]
                }
              ]
            }
          ]
        }
        , {
          "type":"inst"
          , "id":96
          , "name":"Store"
          , "debug":
          [
            [
              {
                "filename":"/ihome/ageorge/opl1/Documents/k_mers/kmer_testing/./src/two_bit_v19_HBM_test_v12_medium_v9.cpp"
                , "line":901
              }
            ]
          ]
          , "details":
          [
            {
              "type":"table"
              , "Width":"512 bits"
              , "Type":"Pipelined never-stall"
              , "Stall-free":"Yes"
              , "Stores to":"early_qs"
              , "Start Cycle":"7"
              , "Latency":"1"
              , "Reference":
              [
                {
                  "type":"text"
                  , "text":"See %L for more information"
                  , "links":
                  [
                    {
                      "guide":"Best Practices Guide : Load-Store Units"
                      , "link":"file:////opt/intel/oneapi/compiler/2023.0.0/linux/lib/oclfpga/aoc_help_pages/yeo1491314105959.html"
                    }
                  ]
                }
              ]
            }
          ]
        }
        , {
          "type":"inst"
          , "id":99
          , "name":"Store"
          , "debug":
          [
            [
              {
                "filename":"/ihome/ageorge/opl1/Documents/k_mers/kmer_testing/./src/two_bit_v19_HBM_test_v12_medium_v9.cpp"
                , "line":901
              }
            ]
          ]
          , "details":
          [
            {
              "type":"table"
              , "Width":"256 bits"
              , "Type":"Pipelined never-stall"
              , "Stall-free":"Yes"
              , "Stores to":"early_qs"
              , "Start Cycle":"6"
              , "Latency":"1"
              , "Reference":
              [
                {
                  "type":"text"
                  , "text":"See %L for more information"
                  , "links":
                  [
                    {
                      "guide":"Best Practices Guide : Load-Store Units"
                      , "link":"file:////opt/intel/oneapi/compiler/2023.0.0/linux/lib/oclfpga/aoc_help_pages/yeo1491314105959.html"
                    }
                  ]
                }
              ]
            }
          ]
        }
        , {
          "type":"memtype"
          , "id":115
          , "name":"On-chip Memory"
          , "children":
          [
            {
              "type":"memsys"
              , "id":116
              , "name":"early_qs"
              , "debug":
              [
                [
                  {
                    "filename":"two_bit_v19_HBM_test_v12_medium_v9.cpp"
                    , "line":866
                  }
                ]
              ]
              , "children":
              [
                {
                  "type":"bank"
                  , "id":117
                  , "name":"Bank 0"
                  , "debug":
                  [
                    [
                      {
                        "filename":"two_bit_v19_HBM_test_v12_medium_v9.cpp"
                        , "line":866
                      }
                    ]
                  ]
                  , "children":
                  [
                    {
                      "type":"port"
                      , "id":118
                      , "name":"RW"
                    }
                    , {
                      "type":"port"
                      , "id":120
                      , "name":"RW"
                    }
                  ]
                  , "details":
                  [
                    {
                      "type":"table"
                      , "details":
                      [
                        {
                          "type":"brief"
                          , "text":"2 total ports/bank\n0 read ports/bank\n0 write ports/bank"
                        }
                      ]
                      , "Total number of ports per bank":"2"
                      , "Number of read ports per bank":"0"
                      , "Number of write ports per bank":"0"
                      , "Number of shared ports per bank":"2"
                      , "Total replication":"1"
                    }
                  ]
                }
              ]
              , "details":
              [
                {
                  "type":"table"
                  , "Requested size":"84 bytes"
                  , "Implemented size":"128 bytes"
                  , "Number of banks":"1"
                  , "Bank width":"512 bits"
                  , "Bank depth":"2 words"
                  , "Number of replicates":"1"
                  , "Number of private copies":"1"
                  , "Reference":
                  [
                    {
                      "type":"text"
                      , "text":"See %L for more information"
                      , "links":
                      [
                        {
                          "guide":"Best Practices Guide : Local Memory"
                          , "link":"file:////opt/intel/oneapi/compiler/2023.0.0/linux/lib/oclfpga/aoc_help_pages/chn1469549457114.html"
                        }
                      ]
                    }
                  ]
                }
              ]
            }
          ]
        }
        , {
          "type":"arb"
          , "id":119
          , "name":"SHARE"
          , "details":
          [
            {
              "type":"table"
              , "Additional Information":"Mutually exclusive accesses, no stalls"
            }
          ]
        }
        , {
          "type":"arb"
          , "id":121
          , "name":"SHARE"
          , "details":
          [
            {
              "type":"table"
              , "Additional Information":"Mutually exclusive accesses, no stalls"
            }
          ]
        }
      ]
    }
    , {
      "type":"kernel"
      , "id":747
      , "name":"'lambda'()"
      , "children":
      [
        {
          "type":"inst"
          , "id":757
          , "name":"Store"
          , "debug":
          [
            [
              {
                "filename":"/ihome/ageorge/opl1/Documents/k_mers/kmer_testing/./src/two_bit_v19_HBM_test_v12_medium_v9.cpp"
                , "line":92
              }
            ]
          ]
          , "details":
          [
            {
              "type":"table"
              , "Width":"32 bits"
              , "Type":"Pipelined never-stall"
              , "Stall-free":"Yes"
              , "Stores to":"early_qs"
              , "Start Cycle":"4"
              , "Latency":"1"
              , "Reference":
              [
                {
                  "type":"text"
                  , "text":"See %L for more information"
                  , "links":
                  [
                    {
                      "guide":"Best Practices Guide : Load-Store Units"
                      , "link":"file:////opt/intel/oneapi/compiler/2023.0.0/linux/lib/oclfpga/aoc_help_pages/yeo1491314105959.html"
                    }
                  ]
                }
              ]
            }
          ]
        }
        , {
          "type":"inst"
          , "id":758
          , "name":"Store"
          , "debug":
          [
            [
              {
                "filename":"/ihome/ageorge/opl1/Documents/k_mers/kmer_testing/./src/two_bit_v19_HBM_test_v12_medium_v9.cpp"
                , "line":93
              }
            ]
          ]
          , "details":
          [
            {
              "type":"table"
              , "Width":"16 bits"
              , "Type":"Pipelined never-stall"
              , "Stall-free":"Yes"
              , "Stores to":"early_qs"
              , "Start Cycle":"4"
              , "Latency":"1"
              , "Reference":
              [
                {
                  "type":"text"
                  , "text":"See %L for more information"
                  , "links":
                  [
                    {
                      "guide":"Best Practices Guide : Load-Store Units"
                      , "link":"file:////opt/intel/oneapi/compiler/2023.0.0/linux/lib/oclfpga/aoc_help_pages/yeo1491314105959.html"
                    }
                  ]
                }
              ]
            }
          ]
        }
        , {
          "type":"inst"
          , "id":759
          , "name":"Load"
          , "debug":
          [
            [
              {
                "filename":""
                , "line":0
              }
            ]
          ]
          , "details":
          [
            {
              "type":"table"
              , "Width":"256 bits"
              , "Type":"Pipelined never-stall"
              , "Stall-free":"Yes"
              , "Loads from":"early_qs"
              , "Start Cycle":"1"
              , "Latency":"4"
              , "Reference":
              [
                {
                  "type":"text"
                  , "text":"See %L for more information"
                  , "links":
                  [
                    {
                      "guide":"Best Practices Guide : Load-Store Units"
                      , "link":"file:////opt/intel/oneapi/compiler/2023.0.0/linux/lib/oclfpga/aoc_help_pages/yeo1491314105959.html"
                    }
                  ]
                }
              ]
            }
          ]
        }
        , {
          "type":"inst"
          , "id":760
          , "name":"Load"
          , "debug":
          [
            [
              {
                "filename":""
                , "line":0
              }
            ]
          ]
          , "details":
          [
            {
              "type":"table"
              , "Width":"512 bits"
              , "Type":"Pipelined never-stall"
              , "Stall-free":"Yes"
              , "Loads from":"early_qs"
              , "Start Cycle":"1"
              , "Latency":"4"
              , "Reference":
              [
                {
                  "type":"text"
                  , "text":"See %L for more information"
                  , "links":
                  [
                    {
                      "guide":"Best Practices Guide : Load-Store Units"
                      , "link":"file:////opt/intel/oneapi/compiler/2023.0.0/linux/lib/oclfpga/aoc_help_pages/yeo1491314105959.html"
                    }
                  ]
                }
              ]
            }
          ]
        }
        , {
          "type":"inst"
          , "id":770
          , "name":"Store"
          , "debug":
          [
            [
              {
                "filename":"/ihome/ageorge/opl1/Documents/k_mers/kmer_testing/./src/two_bit_v19_HBM_test_v12_medium_v9.cpp"
                , "line":818
              }
            ]
          ]
          , "details":
          [
            {
              "type":"table"
              , "Width":"512 bits"
              , "Type":"Pipelined never-stall"
              , "Stall-free":"Yes"
              , "Stores to":"early_qs"
              , "Start Cycle":"6"
              , "Latency":"1"
              , "Reference":
              [
                {
                  "type":"text"
                  , "text":"See %L for more information"
                  , "links":
                  [
                    {
                      "guide":"Best Practices Guide : Load-Store Units"
                      , "link":"file:////opt/intel/oneapi/compiler/2023.0.0/linux/lib/oclfpga/aoc_help_pages/yeo1491314105959.html"
                    }
                  ]
                }
              ]
            }
          ]
        }
        , {
          "type":"inst"
          , "id":773
          , "name":"Store"
          , "debug":
          [
            [
              {
                "filename":"/ihome/ageorge/opl1/Documents/k_mers/kmer_testing/./src/two_bit_v19_HBM_test_v12_medium_v9.cpp"
                , "line":818
              }
            ]
          ]
          , "details":
          [
            {
              "type":"table"
              , "Width":"256 bits"
              , "Type":"Pipelined never-stall"
              , "Stall-free":"Yes"
              , "Stores to":"early_qs"
              , "Start Cycle":"6"
              , "Latency":"1"
              , "Reference":
              [
                {
                  "type":"text"
                  , "text":"See %L for more information"
                  , "links":
                  [
                    {
                      "guide":"Best Practices Guide : Load-Store Units"
                      , "link":"file:////opt/intel/oneapi/compiler/2023.0.0/linux/lib/oclfpga/aoc_help_pages/yeo1491314105959.html"
                    }
                  ]
                }
              ]
            }
          ]
        }
        , {
          "type":"memtype"
          , "id":790
          , "name":"On-chip Memory"
          , "children":
          [
            {
              "type":"memsys"
              , "id":791
              , "name":"early_qs"
              , "debug":
              [
                [
                  {
                    "filename":"two_bit_v19_HBM_test_v12_medium_v9.cpp"
                    , "line":783
                  }
                ]
              ]
              , "children":
              [
                {
                  "type":"bank"
                  , "id":792
                  , "name":"Bank 0"
                  , "debug":
                  [
                    [
                      {
                        "filename":"two_bit_v19_HBM_test_v12_medium_v9.cpp"
                        , "line":783
                      }
                    ]
                  ]
                  , "children":
                  [
                    {
                      "type":"port"
                      , "id":793
                      , "name":"RW"
                    }
                    , {
                      "type":"port"
                      , "id":795
                      , "name":"RW"
                    }
                  ]
                  , "details":
                  [
                    {
                      "type":"table"
                      , "details":
                      [
                        {
                          "type":"brief"
                          , "text":"2 total ports/bank\n0 read ports/bank\n0 write ports/bank"
                        }
                      ]
                      , "Total number of ports per bank":"2"
                      , "Number of read ports per bank":"0"
                      , "Number of write ports per bank":"0"
                      , "Number of shared ports per bank":"2"
                      , "Total replication":"1"
                    }
                  ]
                }
              ]
              , "details":
              [
                {
                  "type":"table"
                  , "Requested size":"96 bytes"
                  , "Implemented size":"128 bytes"
                  , "Number of banks":"1"
                  , "Bank width":"512 bits"
                  , "Bank depth":"2 words"
                  , "Number of replicates":"1"
                  , "Number of private copies":"1"
                  , "Reference":
                  [
                    {
                      "type":"text"
                      , "text":"See %L for more information"
                      , "links":
                      [
                        {
                          "guide":"Best Practices Guide : Local Memory"
                          , "link":"file:////opt/intel/oneapi/compiler/2023.0.0/linux/lib/oclfpga/aoc_help_pages/chn1469549457114.html"
                        }
                      ]
                    }
                  ]
                }
              ]
            }
          ]
        }
        , {
          "type":"arb"
          , "id":794
          , "name":"SHARE"
          , "details":
          [
            {
              "type":"table"
              , "Additional Information":"Mutually exclusive accesses, no stalls"
            }
          ]
        }
        , {
          "type":"arb"
          , "id":796
          , "name":"SHARE"
          , "details":
          [
            {
              "type":"table"
              , "Additional Information":"Mutually exclusive accesses, no stalls"
            }
          ]
        }
      ]
    }
  ]
  , "links":
  [
    {
      "from":119
      , "to":79
    }
    , {
      "from":77
      , "to":119
    }
    , {
      "from":96
      , "to":119
    }
    , {
      "from":119
      , "to":118
    }
    , {
      "from":118
      , "to":119
    }
    , {
      "from":78
      , "to":121
    }
    , {
      "from":99
      , "to":121
    }
    , {
      "from":121
      , "to":80
    }
    , {
      "from":121
      , "to":120
    }
    , {
      "from":120
      , "to":121
    }
    , {
      "from":794
      , "to":759
    }
    , {
      "from":757
      , "to":794
    }
    , {
      "from":770
      , "to":794
    }
    , {
      "from":794
      , "to":793
    }
    , {
      "from":793
      , "to":794
    }
    , {
      "from":796
      , "to":760
    }
    , {
      "from":758
      , "to":796
    }
    , {
      "from":773
      , "to":796
    }
    , {
      "from":796
      , "to":795
    }
    , {
      "from":795
      , "to":796
    }
  ]
}
