{
  "name":"loop_attributes"
  , "id":5957
  , "nodes":
  [
    {
      "name":"parse_reads1"
      , "id":1
      , "clk":"No"
      , "fmax":"480.00"
      , "type":"kernel"
      , "children":
      [
        {
          "name":"parse_reads1.B0"
          , "id":38
          , "af":"480.00"
          , "br":"0"
          , "ci":"0"
          , "fo":"Disabled"
          , "ii":"1"
          , "ll":"1"
          , "lt":"9.000000"
          , "mi":"n/a"
          , "pl":"Yes"
          , "tc":"0"
          , "tn":"1"
          , "type":"bb"
        }
        , {
          "name":"parse_reads1.B1"
          , "id":39
          , "af":"480.00"
          , "br":"0"
          , "ci":"0"
          , "fo":"Enabled"
          , "ii":"3"
          , "ll":"1"
          , "lt":"18.000000"
          , "mi":"1"
          , "pl":"Yes"
          , "tc":"0"
          , "tn":"1"
          , "details":
          [
            {
              "type":"text"
              , "text":"Hyper-Optimized loop structure: enabled."
            }
          ]
          , "debug":
          [
            [
              {
                "filename":"/ihome/ageorge/opl1/Documents/k_mers/kmer_testing/./src/two_bit_v19_HBM_test_v12_medium_v9_half.cpp"
                , "line":582
              }
            ]
          ]
          , "type":"loop"
          , "children":
          [
            {
              "name":"parse_reads1.B2"
              , "id":40
              , "af":"480.00"
              , "br":"1"
              , "ci":"0"
              , "fo":"Enabled"
              , "ii":"1"
              , "ll":"2"
              , "lt":"14.000000"
              , "mi":"1"
              , "pl":"Yes"
              , "tc":"0"
              , "tn":"1"
              , "details":
              [
                {
                  "type":"text"
                  , "text":"Hyper-Optimized loop structure: enabled."
                }
              ]
              , "debug":
              [
                [
                  {
                    "filename":"/ihome/ageorge/opl1/Documents/k_mers/kmer_testing/./src/two_bit_v19_HBM_test_v12_medium_v9_half.cpp"
                    , "line":592
                  }
                ]
              ]
              , "type":"loop"
            }
          ]
        }
        , {
          "name":"parse_reads1.B3"
          , "id":41
          , "af":"480.00"
          , "br":"1"
          , "ci":"0"
          , "fo":"Disabled"
          , "ii":"1"
          , "ll":"1"
          , "lt":"0.000000"
          , "mi":"n/a"
          , "pl":"Yes"
          , "tc":"0"
          , "tn":"1"
          , "type":"bb"
        }
        , {
          "name":"parse_reads1.B4"
          , "id":42
          , "af":"480.00"
          , "br":"0"
          , "ci":"0"
          , "fo":"Disabled"
          , "ii":"1"
          , "ll":"1"
          , "lt":"1.000000"
          , "mi":"n/a"
          , "pl":"Yes"
          , "tc":"0"
          , "tn":"1"
          , "type":"bb"
        }
      ]
    }
    , {
      "name":"produce_reads1"
      , "id":19
      , "clk":"No"
      , "fmax":"480.00"
      , "type":"kernel"
      , "children":
      [
        {
          "name":"produce_reads1.B0"
          , "id":100
          , "af":"480.00"
          , "br":"0"
          , "ci":"0"
          , "fo":"Disabled"
          , "ii":"1"
          , "ll":"1"
          , "lt":"9.000000"
          , "mi":"n/a"
          , "pl":"Yes"
          , "tc":"0"
          , "tn":"1"
          , "type":"bb"
        }
        , {
          "name":"produce_reads1.B1"
          , "id":101
          , "af":"480.00"
          , "br":"1"
          , "ci":"0"
          , "fo":"Enabled"
          , "ii":"1"
          , "ll":"1"
          , "lt":"189.000000"
          , "mi":"1"
          , "pl":"Yes"
          , "tc":"0"
          , "tn":"1"
          , "details":
          [
            {
              "type":"text"
              , "text":"Hyper-Optimized loop structure: enabled."
            }
          ]
          , "debug":
          [
            [
              {
                "filename":"/ihome/ageorge/opl1/Documents/k_mers/kmer_testing/./src/two_bit_v19_HBM_test_v12_medium_v9_half.cpp"
                , "line":557
              }
            ]
          ]
          , "type":"loop"
        }
        , {
          "name":"produce_reads1.B2"
          , "id":102
          , "af":"480.00"
          , "br":"0"
          , "ci":"0"
          , "fo":"Disabled"
          , "ii":"1"
          , "ll":"1"
          , "lt":"1.000000"
          , "mi":"n/a"
          , "pl":"Yes"
          , "tc":"0"
          , "tn":"1"
          , "type":"bb"
        }
      ]
    }
    , {
      "name":"'lambda'()"
      , "id":2
      , "clk":"No"
      , "fmax":"480.00"
      , "type":"kernel"
      , "children":
      [
        {
          "name":"'lambda'().B0"
          , "id":43
          , "af":"480.00"
          , "br":"0"
          , "ci":"0"
          , "fo":"Disabled"
          , "ii":"1"
          , "ll":"1"
          , "lt":"9.000000"
          , "mi":"n/a"
          , "pl":"Yes"
          , "tc":"0"
          , "tn":"1"
          , "type":"bb"
        }
        , {
          "name":"'lambda'().B1"
          , "id":44
          , "af":"349.92"
          , "br":"1"
          , "ci":"0"
          , "fo":"Disabled"
          , "ii":"1"
          , "ll":"1"
          , "lt":"178.000000"
          , "mi":"1"
          , "pl":"Yes"
          , "tc":"0"
          , "tn":"1"
          , "details":
          [
            {
              "type":"text"
              , "text":"Hyper-Optimized loop structure: disabled."
              , "details":
              [
                {
                  "type":"text"
                  , "text":"Hyper-Optimized loop structure is disabled due to block has multiple channel calls"
                }
              ]
            }
          ]
          , "debug":
          [
            [
              {
                "filename":"/ihome/ageorge/opl1/Documents/k_mers/kmer_testing/./src/two_bit_v19_HBM_test_v12_medium_v9_half.cpp"
                , "line":681
              }
            ]
          ]
          , "type":"loop"
        }
        , {
          "name":"'lambda'().B2"
          , "id":45
          , "af":"480.00"
          , "br":"0"
          , "ci":"0"
          , "fo":"Disabled"
          , "ii":"1"
          , "ll":"1"
          , "lt":"5.000000"
          , "mi":"n/a"
          , "pl":"Yes"
          , "tc":"0"
          , "tn":"1"
          , "type":"bb"
        }
      ]
    }
    , {
      "name":"'lambda'()"
      , "id":3
      , "clk":"No"
      , "fmax":"480.00"
      , "type":"kernel"
      , "children":
      [
        {
          "name":"'lambda'().B0"
          , "id":46
          , "af":"480.00"
          , "br":"0"
          , "ci":"0"
          , "fo":"Disabled"
          , "ii":"1"
          , "ll":"1"
          , "lt":"2.000000"
          , "mi":"n/a"
          , "pl":"Yes"
          , "tc":"0"
          , "tn":"1"
          , "type":"bb"
        }
        , {
          "name":"'lambda'().B1"
          , "id":47
          , "af":"480.00"
          , "br":"1"
          , "ci":"0"
          , "fo":"Enabled"
          , "ii":"1"
          , "ll":"1"
          , "lt":"9.000000"
          , "mi":"1"
          , "pl":"Yes"
          , "tc":"7"
          , "tn":"1"
          , "details":
          [
            {
              "type":"text"
              , "text":"Hyper-Optimized loop structure: enabled."
            }
          ]
          , "debug":
          [
            [
              {
                "filename":"/ihome/ageorge/opl1/Documents/k_mers/kmer_testing/./src/two_bit_v19_HBM_test_v12_medium_v9_half.cpp"
                , "line":873
              }
            ]
          ]
          , "type":"loop"
        }
        , {
          "name":"'lambda'().B2"
          , "id":48
          , "af":"480.00"
          , "br":"0"
          , "ci":"0"
          , "fo":"Disabled"
          , "ii":"1"
          , "ll":"1"
          , "lt":"10.000000"
          , "mi":"n/a"
          , "pl":"Yes"
          , "tc":"0"
          , "tn":"1"
          , "type":"bb"
        }
        , {
          "name":"'lambda'().B3"
          , "id":49
          , "af":"480.00"
          , "br":"0"
          , "ci":"0"
          , "fo":"Enabled"
          , "ii":"3"
          , "ll":"1"
          , "lt":"19.000000"
          , "mi":"1"
          , "pl":"Yes"
          , "tc":"0"
          , "tn":"1"
          , "details":
          [
            {
              "type":"text"
              , "text":"Hyper-Optimized loop structure: enabled."
            }
          ]
          , "debug":
          [
            [
              {
                "filename":"/ihome/ageorge/opl1/Documents/k_mers/kmer_testing/./src/two_bit_v19_HBM_test_v12_medium_v9_half.cpp"
                , "line":876
              }
            ]
          ]
          , "type":"loop"
          , "children":
          [
            {
              "name":"'lambda'().B5"
              , "id":51
              , "af":"480.00"
              , "br":"0"
              , "ci":"0"
              , "fo":"Enabled"
              , "ii":"1"
              , "ll":"2"
              , "lt":"71.000000"
              , "mi":"1"
              , "pl":"Yes"
              , "tc":"0"
              , "tn":"1"
              , "details":
              [
                {
                  "type":"text"
                  , "text":"Hyper-Optimized loop structure: enabled."
                }
              ]
              , "debug":
              [
                [
                  {
                    "filename":"/ihome/ageorge/opl1/Documents/k_mers/kmer_testing/./src/two_bit_v19_HBM_test_v12_medium_v9_half.cpp"
                    , "line":881
                  }
                ]
              ]
              , "type":"loop"
              , "children":
              [
                {
                  "name":"'lambda'().B6"
                  , "id":52
                  , "af":"235.20"
                  , "br":"1"
                  , "ci":"0"
                  , "fo":"Disabled"
                  , "ii":"5"
                  , "ll":"3"
                  , "lt":"12.000000"
                  , "mi":"1"
                  , "pl":"Yes"
                  , "tc":"0"
                  , "tn":"0"
                  , "details":
                  [
                    {
                      "type":"text"
                      , "text":"Hyper-Optimized loop structure: disabled."
                      , "details":
                      [
                        {
                          "type":"text"
                          , "text":"Hyper-Optimized loop structure is disabled due to compressed push-pop"
                        }
                      ]
                    }
                  ]
                  , "debug":
                  [
                    [
                      {
                        "filename":"/ihome/ageorge/opl1/Documents/k_mers/kmer_testing/./src/two_bit_v19_HBM_test_v12_medium_v9_half.cpp"
                        , "line":885
                      }
                    ]
                  ]
                  , "type":"loop"
                }
              ]
            }
            , {
              "name":"'lambda'().B7"
              , "id":53
              , "af":"480.00"
              , "br":"1"
              , "ci":"0"
              , "fo":"Disabled"
              , "ii":"1"
              , "ll":"2"
              , "lt":"2.000000"
              , "mi":"n/a"
              , "pl":"Yes"
              , "tc":"0"
              , "tn":"1"
              , "type":"bb"
            }
          ]
        }
        , {
          "name":"'lambda'().B4"
          , "id":50
          , "af":"480.00"
          , "br":"1"
          , "ci":"0"
          , "fo":"Disabled"
          , "ii":"1"
          , "ll":"1"
          , "lt":"6.000000"
          , "mi":"n/a"
          , "pl":"Yes"
          , "tc":"0"
          , "tn":"1"
          , "type":"bb"
        }
        , {
          "name":"'lambda'().B8"
          , "id":54
          , "af":"480.00"
          , "br":"0"
          , "ci":"0"
          , "fo":"Disabled"
          , "ii":"1"
          , "ll":"1"
          , "lt":"1.000000"
          , "mi":"n/a"
          , "pl":"Yes"
          , "tc":"0"
          , "tn":"1"
          , "type":"bb"
        }
      ]
    }
    , {
      "name":"'lambda'()"
      , "id":37
      , "clk":"No"
      , "fmax":"480.00"
      , "type":"kernel"
      , "children":
      [
        {
          "name":"'lambda'().B0"
          , "id":160
          , "af":"480.00"
          , "br":"0"
          , "ci":"0"
          , "fo":"Disabled"
          , "ii":"1"
          , "ll":"1"
          , "lt":"9.000000"
          , "mi":"n/a"
          , "pl":"Yes"
          , "tc":"0"
          , "tn":"1"
          , "type":"bb"
        }
        , {
          "name":"'lambda'().B1"
          , "id":161
          , "af":"480.00"
          , "br":"0"
          , "ci":"0"
          , "fo":"Enabled"
          , "ii":"2"
          , "ll":"1"
          , "lt":"8.000000"
          , "mi":"1"
          , "pl":"Yes"
          , "tc":"0"
          , "tn":"1"
          , "details":
          [
            {
              "type":"text"
              , "text":"Hyper-Optimized loop structure: enabled."
            }
          ]
          , "debug":
          [
            [
              {
                "filename":"/ihome/ageorge/opl1/Documents/k_mers/kmer_testing/./src/two_bit_v19_HBM_test_v12_medium_v9_half.cpp"
                , "line":962
              }
            ]
          ]
          , "type":"loop"
          , "children":
          [
            {
              "name":"'lambda'().B2"
              , "id":162
              , "af":"480.00"
              , "br":"1"
              , "ci":"0"
              , "fo":"Disabled"
              , "ii":"1"
              , "ll":"2"
              , "lt":"7.000000"
              , "mi":"1"
              , "pl":"Yes"
              , "tc":"0"
              , "tn":"0"
              , "details":
              [
                {
                  "type":"text"
                  , "text":"Hyper-Optimized loop structure: disabled."
                  , "details":
                  [
                    {
                      "type":"text"
                      , "text":"Hyper-Optimized loop structure is disabled due to compressed push-pop"
                    }
                  ]
                }
              ]
              , "debug":
              [
                [
                  {
                    "filename":"/ihome/ageorge/opl1/Documents/k_mers/kmer_testing/./src/two_bit_v19_HBM_test_v12_medium_v9_half.cpp"
                    , "line":966
                  }
                ]
              ]
              , "type":"loop"
            }
            , {
              "name":"'lambda'().B3"
              , "id":163
              , "af":"480.00"
              , "br":"0"
              , "ci":"0"
              , "fo":"Disabled"
              , "ii":"1"
              , "ll":"2"
              , "lt":"391.000000"
              , "mi":"n/a"
              , "pl":"Yes"
              , "tc":"0"
              , "tn":"1"
              , "type":"bb"
            }
            , {
              "name":"'lambda'().B4"
              , "id":164
              , "af":"480.00"
              , "br":"1"
              , "ci":"0"
              , "fo":"Enabled"
              , "ii":"1"
              , "ll":"2"
              , "lt":"9.000000"
              , "mi":"1"
              , "pl":"Yes"
              , "tc":"2"
              , "tn":"1"
              , "details":
              [
                {
                  "type":"text"
                  , "text":"Hyper-Optimized loop structure: enabled."
                }
              ]
              , "debug":
              [
                [
                  {
                    "filename":"/ihome/ageorge/opl1/Documents/k_mers/kmer_testing/./src/two_bit_v19_HBM_test_v12_medium_v9_half.cpp"
                    , "line":977
                  }
                ]
              ]
              , "type":"loop"
            }
          ]
        }
        , {
          "name":"'lambda'().B5"
          , "id":165
          , "af":"480.00"
          , "br":"1"
          , "ci":"0"
          , "fo":"Disabled"
          , "ii":"1"
          , "ll":"1"
          , "lt":"95.000000"
          , "mi":"n/a"
          , "pl":"Yes"
          , "tc":"0"
          , "tn":"1"
          , "type":"bb"
        }
        , {
          "name":"'lambda'().B6"
          , "id":166
          , "af":"480.00"
          , "br":"0"
          , "ci":"0"
          , "fo":"Disabled"
          , "ii":"1"
          , "ll":"1"
          , "lt":"1.000000"
          , "mi":"n/a"
          , "pl":"Yes"
          , "tc":"0"
          , "tn":"1"
          , "type":"bb"
        }
      ]
    }
    , {
      "name":"'lambda'()"
      , "id":20
      , "clk":"No"
      , "fmax":"480.00"
      , "type":"kernel"
      , "children":
      [
        {
          "name":"'lambda'().B0"
          , "id":103
          , "af":"480.00"
          , "br":"0"
          , "ci":"0"
          , "fo":"Disabled"
          , "ii":"1"
          , "ll":"1"
          , "lt":"9.000000"
          , "mi":"n/a"
          , "pl":"Yes"
          , "tc":"0"
          , "tn":"1"
          , "type":"bb"
        }
        , {
          "name":"'lambda'().B1"
          , "id":104
          , "af":"349.92"
          , "br":"1"
          , "ci":"0"
          , "fo":"Disabled"
          , "ii":"1"
          , "ll":"1"
          , "lt":"51.000000"
          , "mi":"1"
          , "pl":"Yes"
          , "tc":"0"
          , "tn":"1"
          , "details":
          [
            {
              "type":"text"
              , "text":"Hyper-Optimized loop structure: disabled."
              , "details":
              [
                {
                  "type":"text"
                  , "text":"Hyper-Optimized loop structure is disabled due to block has multiple channel calls"
                }
              ]
            }
          ]
          , "debug":
          [
            [
              {
                "filename":"/ihome/ageorge/opl1/Documents/k_mers/kmer_testing/./src/two_bit_v19_HBM_test_v12_medium_v9_half.cpp"
                , "line":635
              }
            ]
          ]
          , "type":"loop"
        }
        , {
          "name":"'lambda'().B2"
          , "id":105
          , "af":"480.00"
          , "br":"0"
          , "ci":"0"
          , "fo":"Disabled"
          , "ii":"1"
          , "ll":"1"
          , "lt":"5.000000"
          , "mi":"n/a"
          , "pl":"Yes"
          , "tc":"0"
          , "tn":"1"
          , "type":"bb"
        }
      ]
    }
    , {
      "name":"'lambda'()"
      , "id":36
      , "clk":"No"
      , "fmax":"480.00"
      , "type":"kernel"
      , "children":
      [
        {
          "name":"'lambda'().B0"
          , "id":151
          , "af":"480.00"
          , "br":"0"
          , "ci":"0"
          , "fo":"Disabled"
          , "ii":"1"
          , "ll":"1"
          , "lt":"2.000000"
          , "mi":"n/a"
          , "pl":"Yes"
          , "tc":"0"
          , "tn":"1"
          , "type":"bb"
        }
        , {
          "name":"'lambda'().B1"
          , "id":152
          , "af":"480.00"
          , "br":"1"
          , "ci":"0"
          , "fo":"Enabled"
          , "ii":"1"
          , "ll":"1"
          , "lt":"9.000000"
          , "mi":"1"
          , "pl":"Yes"
          , "tc":"8"
          , "tn":"1"
          , "details":
          [
            {
              "type":"text"
              , "text":"Hyper-Optimized loop structure: enabled."
            }
          ]
          , "debug":
          [
            [
              {
                "filename":"/ihome/ageorge/opl1/Documents/k_mers/kmer_testing/./src/two_bit_v19_HBM_test_v12_medium_v9_half.cpp"
                , "line":790
              }
            ]
          ]
          , "type":"loop"
        }
        , {
          "name":"'lambda'().B2"
          , "id":153
          , "af":"480.00"
          , "br":"0"
          , "ci":"0"
          , "fo":"Disabled"
          , "ii":"1"
          , "ll":"1"
          , "lt":"10.000000"
          , "mi":"n/a"
          , "pl":"Yes"
          , "tc":"0"
          , "tn":"1"
          , "type":"bb"
        }
        , {
          "name":"'lambda'().B3"
          , "id":154
          , "af":"480.00"
          , "br":"0"
          , "ci":"0"
          , "fo":"Enabled"
          , "ii":"3"
          , "ll":"1"
          , "lt":"19.000000"
          , "mi":"1"
          , "pl":"Yes"
          , "tc":"0"
          , "tn":"1"
          , "details":
          [
            {
              "type":"text"
              , "text":"Hyper-Optimized loop structure: enabled."
            }
          ]
          , "debug":
          [
            [
              {
                "filename":"/ihome/ageorge/opl1/Documents/k_mers/kmer_testing/./src/two_bit_v19_HBM_test_v12_medium_v9_half.cpp"
                , "line":793
              }
            ]
          ]
          , "type":"loop"
          , "children":
          [
            {
              "name":"'lambda'().B5"
              , "id":156
              , "af":"480.00"
              , "br":"0"
              , "ci":"0"
              , "fo":"Enabled"
              , "ii":"1"
              , "ll":"2"
              , "lt":"11.000000"
              , "mi":"1"
              , "pl":"Yes"
              , "tc":"0"
              , "tn":"1"
              , "details":
              [
                {
                  "type":"text"
                  , "text":"Hyper-Optimized loop structure: enabled."
                }
              ]
              , "debug":
              [
                [
                  {
                    "filename":"/ihome/ageorge/opl1/Documents/k_mers/kmer_testing/./src/two_bit_v19_HBM_test_v12_medium_v9_half.cpp"
                    , "line":798
                  }
                ]
              ]
              , "type":"loop"
              , "children":
              [
                {
                  "name":"'lambda'().B6"
                  , "id":157
                  , "af":"200.00"
                  , "br":"1"
                  , "ci":"0"
                  , "fo":"Disabled"
                  , "ii":"5"
                  , "ll":"3"
                  , "lt":"11.000000"
                  , "mi":"1"
                  , "pl":"Yes"
                  , "tc":"0"
                  , "tn":"0"
                  , "details":
                  [
                    {
                      "type":"text"
                      , "text":"Hyper-Optimized loop structure: disabled."
                      , "details":
                      [
                        {
                          "type":"text"
                          , "text":"Hyper-Optimized loop structure is disabled due to compressed push-pop"
                        }
                      ]
                    }
                  ]
                  , "debug":
                  [
                    [
                      {
                        "filename":"/ihome/ageorge/opl1/Documents/k_mers/kmer_testing/./src/two_bit_v19_HBM_test_v12_medium_v9_half.cpp"
                        , "line":802
                      }
                    ]
                  ]
                  , "type":"loop"
                }
              ]
            }
            , {
              "name":"'lambda'().B7"
              , "id":158
              , "af":"480.00"
              , "br":"1"
              , "ci":"0"
              , "fo":"Disabled"
              , "ii":"1"
              , "ll":"2"
              , "lt":"2.000000"
              , "mi":"n/a"
              , "pl":"Yes"
              , "tc":"0"
              , "tn":"1"
              , "type":"bb"
            }
          ]
        }
        , {
          "name":"'lambda'().B4"
          , "id":155
          , "af":"480.00"
          , "br":"1"
          , "ci":"0"
          , "fo":"Disabled"
          , "ii":"1"
          , "ll":"1"
          , "lt":"6.000000"
          , "mi":"n/a"
          , "pl":"Yes"
          , "tc":"0"
          , "tn":"1"
          , "type":"bb"
        }
        , {
          "name":"'lambda'().B8"
          , "id":159
          , "af":"480.00"
          , "br":"0"
          , "ci":"0"
          , "fo":"Disabled"
          , "ii":"1"
          , "ll":"1"
          , "lt":"1.000000"
          , "mi":"n/a"
          , "pl":"Yes"
          , "tc":"0"
          , "tn":"1"
          , "type":"bb"
        }
      ]
    }
    , {
      "name":"'lambda'()"
      , "id":4
      , "clk":"No"
      , "fmax":"480.00"
      , "type":"kernel"
      , "children":
      [
        {
          "name":"'lambda'().B0"
          , "id":55
          , "af":"480.00"
          , "br":"0"
          , "ci":"0"
          , "fo":"Disabled"
          , "ii":"1"
          , "ll":"1"
          , "lt":"2.000000"
          , "mi":"n/a"
          , "pl":"Yes"
          , "tc":"0"
          , "tn":"1"
          , "type":"bb"
        }
        , {
          "name":"'lambda'().B1"
          , "id":56
          , "af":"432.00"
          , "br":"1"
          , "ci":"0"
          , "fo":"Enabled"
          , "ii":"1"
          , "ll":"1"
          , "lt":"11.000000"
          , "mi":"1"
          , "pl":"Yes"
          , "tc":"268435456"
          , "tn":"1"
          , "details":
          [
            {
              "type":"text"
              , "text":"Hyper-Optimized loop structure: enabled."
            }
          ]
          , "debug":
          [
            [
              {
                "filename":"/opt/rh/gcc-toolset-12/root/usr/lib/gcc/x86_64-redhat-linux/12/../../../../include/c++/12/bits/stl_algobase.h"
                , "line":921
              }
            ]
          ]
          , "type":"loop"
        }
        , {
          "name":"'lambda'().B2"
          , "id":57
          , "af":"480.00"
          , "br":"0"
          , "ci":"0"
          , "fo":"Disabled"
          , "ii":"1"
          , "ll":"1"
          , "lt":"1.000000"
          , "mi":"n/a"
          , "pl":"Yes"
          , "tc":"0"
          , "tn":"1"
          , "type":"bb"
        }
      ]
    }
    , {
      "name":"'lambda'()"
      , "id":14
      , "clk":"No"
      , "fmax":"480.00"
      , "type":"kernel"
      , "children":
      [
        {
          "name":"'lambda'().B0"
          , "id":85
          , "af":"480.00"
          , "br":"0"
          , "ci":"0"
          , "fo":"Disabled"
          , "ii":"1"
          , "ll":"1"
          , "lt":"2.000000"
          , "mi":"n/a"
          , "pl":"Yes"
          , "tc":"0"
          , "tn":"1"
          , "type":"bb"
        }
        , {
          "name":"'lambda'().B1"
          , "id":86
          , "af":"432.00"
          , "br":"1"
          , "ci":"0"
          , "fo":"Enabled"
          , "ii":"1"
          , "ll":"1"
          , "lt":"11.000000"
          , "mi":"1"
          , "pl":"Yes"
          , "tc":"268435456"
          , "tn":"1"
          , "details":
          [
            {
              "type":"text"
              , "text":"Hyper-Optimized loop structure: enabled."
            }
          ]
          , "debug":
          [
            [
              {
                "filename":"/opt/rh/gcc-toolset-12/root/usr/lib/gcc/x86_64-redhat-linux/12/../../../../include/c++/12/bits/stl_algobase.h"
                , "line":921
              }
            ]
          ]
          , "type":"loop"
        }
        , {
          "name":"'lambda'().B2"
          , "id":87
          , "af":"480.00"
          , "br":"0"
          , "ci":"0"
          , "fo":"Disabled"
          , "ii":"1"
          , "ll":"1"
          , "lt":"1.000000"
          , "mi":"n/a"
          , "pl":"Yes"
          , "tc":"0"
          , "tn":"1"
          , "type":"bb"
        }
      ]
    }
    , {
      "name":"'lambda'()"
      , "id":15
      , "clk":"No"
      , "fmax":"480.00"
      , "type":"kernel"
      , "children":
      [
        {
          "name":"'lambda'().B0"
          , "id":88
          , "af":"480.00"
          , "br":"0"
          , "ci":"0"
          , "fo":"Disabled"
          , "ii":"1"
          , "ll":"1"
          , "lt":"2.000000"
          , "mi":"n/a"
          , "pl":"Yes"
          , "tc":"0"
          , "tn":"1"
          , "type":"bb"
        }
        , {
          "name":"'lambda'().B1"
          , "id":89
          , "af":"432.00"
          , "br":"1"
          , "ci":"0"
          , "fo":"Enabled"
          , "ii":"1"
          , "ll":"1"
          , "lt":"11.000000"
          , "mi":"1"
          , "pl":"Yes"
          , "tc":"268435456"
          , "tn":"1"
          , "details":
          [
            {
              "type":"text"
              , "text":"Hyper-Optimized loop structure: enabled."
            }
          ]
          , "debug":
          [
            [
              {
                "filename":"/opt/rh/gcc-toolset-12/root/usr/lib/gcc/x86_64-redhat-linux/12/../../../../include/c++/12/bits/stl_algobase.h"
                , "line":921
              }
            ]
          ]
          , "type":"loop"
        }
        , {
          "name":"'lambda'().B2"
          , "id":90
          , "af":"480.00"
          , "br":"0"
          , "ci":"0"
          , "fo":"Disabled"
          , "ii":"1"
          , "ll":"1"
          , "lt":"1.000000"
          , "mi":"n/a"
          , "pl":"Yes"
          , "tc":"0"
          , "tn":"1"
          , "type":"bb"
        }
      ]
    }
    , {
      "name":"'lambda'()"
      , "id":16
      , "clk":"No"
      , "fmax":"480.00"
      , "type":"kernel"
      , "children":
      [
        {
          "name":"'lambda'().B0"
          , "id":91
          , "af":"480.00"
          , "br":"0"
          , "ci":"0"
          , "fo":"Disabled"
          , "ii":"1"
          , "ll":"1"
          , "lt":"2.000000"
          , "mi":"n/a"
          , "pl":"Yes"
          , "tc":"0"
          , "tn":"1"
          , "type":"bb"
        }
        , {
          "name":"'lambda'().B1"
          , "id":92
          , "af":"432.00"
          , "br":"1"
          , "ci":"0"
          , "fo":"Enabled"
          , "ii":"1"
          , "ll":"1"
          , "lt":"11.000000"
          , "mi":"1"
          , "pl":"Yes"
          , "tc":"268435456"
          , "tn":"1"
          , "details":
          [
            {
              "type":"text"
              , "text":"Hyper-Optimized loop structure: enabled."
            }
          ]
          , "debug":
          [
            [
              {
                "filename":"/opt/rh/gcc-toolset-12/root/usr/lib/gcc/x86_64-redhat-linux/12/../../../../include/c++/12/bits/stl_algobase.h"
                , "line":921
              }
            ]
          ]
          , "type":"loop"
        }
        , {
          "name":"'lambda'().B2"
          , "id":93
          , "af":"480.00"
          , "br":"0"
          , "ci":"0"
          , "fo":"Disabled"
          , "ii":"1"
          , "ll":"1"
          , "lt":"1.000000"
          , "mi":"n/a"
          , "pl":"Yes"
          , "tc":"0"
          , "tn":"1"
          , "type":"bb"
        }
      ]
    }
    , {
      "name":"'lambda'()"
      , "id":17
      , "clk":"No"
      , "fmax":"480.00"
      , "type":"kernel"
      , "children":
      [
        {
          "name":"'lambda'().B0"
          , "id":94
          , "af":"480.00"
          , "br":"0"
          , "ci":"0"
          , "fo":"Disabled"
          , "ii":"1"
          , "ll":"1"
          , "lt":"2.000000"
          , "mi":"n/a"
          , "pl":"Yes"
          , "tc":"0"
          , "tn":"1"
          , "type":"bb"
        }
        , {
          "name":"'lambda'().B1"
          , "id":95
          , "af":"432.00"
          , "br":"1"
          , "ci":"0"
          , "fo":"Enabled"
          , "ii":"1"
          , "ll":"1"
          , "lt":"11.000000"
          , "mi":"1"
          , "pl":"Yes"
          , "tc":"268435456"
          , "tn":"1"
          , "details":
          [
            {
              "type":"text"
              , "text":"Hyper-Optimized loop structure: enabled."
            }
          ]
          , "debug":
          [
            [
              {
                "filename":"/opt/rh/gcc-toolset-12/root/usr/lib/gcc/x86_64-redhat-linux/12/../../../../include/c++/12/bits/stl_algobase.h"
                , "line":921
              }
            ]
          ]
          , "type":"loop"
        }
        , {
          "name":"'lambda'().B2"
          , "id":96
          , "af":"480.00"
          , "br":"0"
          , "ci":"0"
          , "fo":"Disabled"
          , "ii":"1"
          , "ll":"1"
          , "lt":"1.000000"
          , "mi":"n/a"
          , "pl":"Yes"
          , "tc":"0"
          , "tn":"1"
          , "type":"bb"
        }
      ]
    }
    , {
      "name":"'lambda'()"
      , "id":18
      , "clk":"No"
      , "fmax":"480.00"
      , "type":"kernel"
      , "children":
      [
        {
          "name":"'lambda'().B0"
          , "id":97
          , "af":"480.00"
          , "br":"0"
          , "ci":"0"
          , "fo":"Disabled"
          , "ii":"1"
          , "ll":"1"
          , "lt":"2.000000"
          , "mi":"n/a"
          , "pl":"Yes"
          , "tc":"0"
          , "tn":"1"
          , "type":"bb"
        }
        , {
          "name":"'lambda'().B1"
          , "id":98
          , "af":"432.00"
          , "br":"1"
          , "ci":"0"
          , "fo":"Enabled"
          , "ii":"1"
          , "ll":"1"
          , "lt":"11.000000"
          , "mi":"1"
          , "pl":"Yes"
          , "tc":"268435456"
          , "tn":"1"
          , "details":
          [
            {
              "type":"text"
              , "text":"Hyper-Optimized loop structure: enabled."
            }
          ]
          , "debug":
          [
            [
              {
                "filename":"/opt/rh/gcc-toolset-12/root/usr/lib/gcc/x86_64-redhat-linux/12/../../../../include/c++/12/bits/stl_algobase.h"
                , "line":921
              }
            ]
          ]
          , "type":"loop"
        }
        , {
          "name":"'lambda'().B2"
          , "id":99
          , "af":"480.00"
          , "br":"0"
          , "ci":"0"
          , "fo":"Disabled"
          , "ii":"1"
          , "ll":"1"
          , "lt":"1.000000"
          , "mi":"n/a"
          , "pl":"Yes"
          , "tc":"0"
          , "tn":"1"
          , "type":"bb"
        }
      ]
    }
    , {
      "name":"'lambda'()"
      , "id":21
      , "clk":"No"
      , "fmax":"480.00"
      , "type":"kernel"
      , "children":
      [
        {
          "name":"'lambda'().B0"
          , "id":106
          , "af":"480.00"
          , "br":"0"
          , "ci":"0"
          , "fo":"Disabled"
          , "ii":"1"
          , "ll":"1"
          , "lt":"2.000000"
          , "mi":"n/a"
          , "pl":"Yes"
          , "tc":"0"
          , "tn":"1"
          , "type":"bb"
        }
        , {
          "name":"'lambda'().B1"
          , "id":107
          , "af":"480.00"
          , "br":"1"
          , "ci":"0"
          , "fo":"Enabled"
          , "ii":"1"
          , "ll":"1"
          , "lt":"205.000000"
          , "mi":"1"
          , "pl":"Yes"
          , "tc":"0"
          , "tn":"1"
          , "details":
          [
            {
              "type":"text"
              , "text":"Hyper-Optimized loop structure: enabled."
            }
          ]
          , "debug":
          [
            [
              {
                "filename":"/ihome/ageorge/opl1/Documents/k_mers/kmer_testing/./src/two_bit_v19_HBM_test_v12_medium_v9_half.cpp"
                , "line":732
              }
            ]
          ]
          , "type":"loop"
        }
        , {
          "name":"'lambda'().B2"
          , "id":108
          , "af":"480.00"
          , "br":"0"
          , "ci":"0"
          , "fo":"Disabled"
          , "ii":"1"
          , "ll":"1"
          , "lt":"1.000000"
          , "mi":"n/a"
          , "pl":"Yes"
          , "tc":"0"
          , "tn":"1"
          , "type":"bb"
        }
      ]
    }
    , {
      "name":"'lambda'()"
      , "id":22
      , "clk":"No"
      , "fmax":"480.00"
      , "type":"kernel"
      , "children":
      [
        {
          "name":"'lambda'().B0"
          , "id":109
          , "af":"480.00"
          , "br":"0"
          , "ci":"0"
          , "fo":"Disabled"
          , "ii":"1"
          , "ll":"1"
          , "lt":"2.000000"
          , "mi":"n/a"
          , "pl":"Yes"
          , "tc":"0"
          , "tn":"1"
          , "type":"bb"
        }
        , {
          "name":"'lambda'().B1"
          , "id":110
          , "af":"480.00"
          , "br":"1"
          , "ci":"0"
          , "fo":"Enabled"
          , "ii":"1"
          , "ll":"1"
          , "lt":"205.000000"
          , "mi":"1"
          , "pl":"Yes"
          , "tc":"0"
          , "tn":"1"
          , "details":
          [
            {
              "type":"text"
              , "text":"Hyper-Optimized loop structure: enabled."
            }
          ]
          , "debug":
          [
            [
              {
                "filename":"/ihome/ageorge/opl1/Documents/k_mers/kmer_testing/./src/two_bit_v19_HBM_test_v12_medium_v9_half.cpp"
                , "line":732
              }
            ]
          ]
          , "type":"loop"
        }
        , {
          "name":"'lambda'().B2"
          , "id":111
          , "af":"480.00"
          , "br":"0"
          , "ci":"0"
          , "fo":"Disabled"
          , "ii":"1"
          , "ll":"1"
          , "lt":"1.000000"
          , "mi":"n/a"
          , "pl":"Yes"
          , "tc":"0"
          , "tn":"1"
          , "type":"bb"
        }
      ]
    }
    , {
      "name":"'lambda'()"
      , "id":23
      , "clk":"No"
      , "fmax":"480.00"
      , "type":"kernel"
      , "children":
      [
        {
          "name":"'lambda'().B0"
          , "id":112
          , "af":"480.00"
          , "br":"0"
          , "ci":"0"
          , "fo":"Disabled"
          , "ii":"1"
          , "ll":"1"
          , "lt":"2.000000"
          , "mi":"n/a"
          , "pl":"Yes"
          , "tc":"0"
          , "tn":"1"
          , "type":"bb"
        }
        , {
          "name":"'lambda'().B1"
          , "id":113
          , "af":"480.00"
          , "br":"1"
          , "ci":"0"
          , "fo":"Enabled"
          , "ii":"1"
          , "ll":"1"
          , "lt":"205.000000"
          , "mi":"1"
          , "pl":"Yes"
          , "tc":"0"
          , "tn":"1"
          , "details":
          [
            {
              "type":"text"
              , "text":"Hyper-Optimized loop structure: enabled."
            }
          ]
          , "debug":
          [
            [
              {
                "filename":"/ihome/ageorge/opl1/Documents/k_mers/kmer_testing/./src/two_bit_v19_HBM_test_v12_medium_v9_half.cpp"
                , "line":732
              }
            ]
          ]
          , "type":"loop"
        }
        , {
          "name":"'lambda'().B2"
          , "id":114
          , "af":"480.00"
          , "br":"0"
          , "ci":"0"
          , "fo":"Disabled"
          , "ii":"1"
          , "ll":"1"
          , "lt":"1.000000"
          , "mi":"n/a"
          , "pl":"Yes"
          , "tc":"0"
          , "tn":"1"
          , "type":"bb"
        }
      ]
    }
    , {
      "name":"'lambda'()"
      , "id":24
      , "clk":"No"
      , "fmax":"480.00"
      , "type":"kernel"
      , "children":
      [
        {
          "name":"'lambda'().B0"
          , "id":115
          , "af":"480.00"
          , "br":"0"
          , "ci":"0"
          , "fo":"Disabled"
          , "ii":"1"
          , "ll":"1"
          , "lt":"2.000000"
          , "mi":"n/a"
          , "pl":"Yes"
          , "tc":"0"
          , "tn":"1"
          , "type":"bb"
        }
        , {
          "name":"'lambda'().B1"
          , "id":116
          , "af":"480.00"
          , "br":"1"
          , "ci":"0"
          , "fo":"Enabled"
          , "ii":"1"
          , "ll":"1"
          , "lt":"205.000000"
          , "mi":"1"
          , "pl":"Yes"
          , "tc":"0"
          , "tn":"1"
          , "details":
          [
            {
              "type":"text"
              , "text":"Hyper-Optimized loop structure: enabled."
            }
          ]
          , "debug":
          [
            [
              {
                "filename":"/ihome/ageorge/opl1/Documents/k_mers/kmer_testing/./src/two_bit_v19_HBM_test_v12_medium_v9_half.cpp"
                , "line":732
              }
            ]
          ]
          , "type":"loop"
        }
        , {
          "name":"'lambda'().B2"
          , "id":117
          , "af":"480.00"
          , "br":"0"
          , "ci":"0"
          , "fo":"Disabled"
          , "ii":"1"
          , "ll":"1"
          , "lt":"1.000000"
          , "mi":"n/a"
          , "pl":"Yes"
          , "tc":"0"
          , "tn":"1"
          , "type":"bb"
        }
      ]
    }
    , {
      "name":"'lambda'()"
      , "id":25
      , "clk":"No"
      , "fmax":"480.00"
      , "type":"kernel"
      , "children":
      [
        {
          "name":"'lambda'().B0"
          , "id":118
          , "af":"480.00"
          , "br":"0"
          , "ci":"0"
          , "fo":"Disabled"
          , "ii":"1"
          , "ll":"1"
          , "lt":"2.000000"
          , "mi":"n/a"
          , "pl":"Yes"
          , "tc":"0"
          , "tn":"1"
          , "type":"bb"
        }
        , {
          "name":"'lambda'().B1"
          , "id":119
          , "af":"480.00"
          , "br":"1"
          , "ci":"0"
          , "fo":"Enabled"
          , "ii":"1"
          , "ll":"1"
          , "lt":"205.000000"
          , "mi":"1"
          , "pl":"Yes"
          , "tc":"0"
          , "tn":"1"
          , "details":
          [
            {
              "type":"text"
              , "text":"Hyper-Optimized loop structure: enabled."
            }
          ]
          , "debug":
          [
            [
              {
                "filename":"/ihome/ageorge/opl1/Documents/k_mers/kmer_testing/./src/two_bit_v19_HBM_test_v12_medium_v9_half.cpp"
                , "line":732
              }
            ]
          ]
          , "type":"loop"
        }
        , {
          "name":"'lambda'().B2"
          , "id":120
          , "af":"480.00"
          , "br":"0"
          , "ci":"0"
          , "fo":"Disabled"
          , "ii":"1"
          , "ll":"1"
          , "lt":"1.000000"
          , "mi":"n/a"
          , "pl":"Yes"
          , "tc":"0"
          , "tn":"1"
          , "type":"bb"
        }
      ]
    }
    , {
      "name":"'lambda'()"
      , "id":5
      , "clk":"No"
      , "fmax":"480.00"
      , "type":"kernel"
      , "children":
      [
        {
          "name":"'lambda'().B0"
          , "id":58
          , "af":"480.00"
          , "br":"0"
          , "ci":"0"
          , "fo":"Disabled"
          , "ii":"1"
          , "ll":"1"
          , "lt":"2.000000"
          , "mi":"n/a"
          , "pl":"Yes"
          , "tc":"0"
          , "tn":"1"
          , "type":"bb"
        }
        , {
          "name":"'lambda'().B1"
          , "id":59
          , "af":"432.00"
          , "br":"1"
          , "ci":"0"
          , "fo":"Enabled"
          , "ii":"1"
          , "ll":"1"
          , "lt":"11.000000"
          , "mi":"1"
          , "pl":"Yes"
          , "tc":"268435456"
          , "tn":"1"
          , "details":
          [
            {
              "type":"text"
              , "text":"Hyper-Optimized loop structure: enabled."
            }
          ]
          , "debug":
          [
            [
              {
                "filename":"/opt/rh/gcc-toolset-12/root/usr/lib/gcc/x86_64-redhat-linux/12/../../../../include/c++/12/bits/stl_algobase.h"
                , "line":921
              }
            ]
          ]
          , "type":"loop"
        }
        , {
          "name":"'lambda'().B2"
          , "id":60
          , "af":"480.00"
          , "br":"0"
          , "ci":"0"
          , "fo":"Disabled"
          , "ii":"1"
          , "ll":"1"
          , "lt":"1.000000"
          , "mi":"n/a"
          , "pl":"Yes"
          , "tc":"0"
          , "tn":"1"
          , "type":"bb"
        }
      ]
    }
    , {
      "name":"'lambda'()"
      , "id":26
      , "clk":"No"
      , "fmax":"480.00"
      , "type":"kernel"
      , "children":
      [
        {
          "name":"'lambda'().B0"
          , "id":121
          , "af":"480.00"
          , "br":"0"
          , "ci":"0"
          , "fo":"Disabled"
          , "ii":"1"
          , "ll":"1"
          , "lt":"2.000000"
          , "mi":"n/a"
          , "pl":"Yes"
          , "tc":"0"
          , "tn":"1"
          , "type":"bb"
        }
        , {
          "name":"'lambda'().B1"
          , "id":122
          , "af":"480.00"
          , "br":"1"
          , "ci":"0"
          , "fo":"Enabled"
          , "ii":"1"
          , "ll":"1"
          , "lt":"205.000000"
          , "mi":"1"
          , "pl":"Yes"
          , "tc":"0"
          , "tn":"1"
          , "details":
          [
            {
              "type":"text"
              , "text":"Hyper-Optimized loop structure: enabled."
            }
          ]
          , "debug":
          [
            [
              {
                "filename":"/ihome/ageorge/opl1/Documents/k_mers/kmer_testing/./src/two_bit_v19_HBM_test_v12_medium_v9_half.cpp"
                , "line":732
              }
            ]
          ]
          , "type":"loop"
        }
        , {
          "name":"'lambda'().B2"
          , "id":123
          , "af":"480.00"
          , "br":"0"
          , "ci":"0"
          , "fo":"Disabled"
          , "ii":"1"
          , "ll":"1"
          , "lt":"1.000000"
          , "mi":"n/a"
          , "pl":"Yes"
          , "tc":"0"
          , "tn":"1"
          , "type":"bb"
        }
      ]
    }
    , {
      "name":"'lambda'()"
      , "id":27
      , "clk":"No"
      , "fmax":"480.00"
      , "type":"kernel"
      , "children":
      [
        {
          "name":"'lambda'().B0"
          , "id":124
          , "af":"480.00"
          , "br":"0"
          , "ci":"0"
          , "fo":"Disabled"
          , "ii":"1"
          , "ll":"1"
          , "lt":"2.000000"
          , "mi":"n/a"
          , "pl":"Yes"
          , "tc":"0"
          , "tn":"1"
          , "type":"bb"
        }
        , {
          "name":"'lambda'().B1"
          , "id":125
          , "af":"480.00"
          , "br":"1"
          , "ci":"0"
          , "fo":"Enabled"
          , "ii":"1"
          , "ll":"1"
          , "lt":"205.000000"
          , "mi":"1"
          , "pl":"Yes"
          , "tc":"0"
          , "tn":"1"
          , "details":
          [
            {
              "type":"text"
              , "text":"Hyper-Optimized loop structure: enabled."
            }
          ]
          , "debug":
          [
            [
              {
                "filename":"/ihome/ageorge/opl1/Documents/k_mers/kmer_testing/./src/two_bit_v19_HBM_test_v12_medium_v9_half.cpp"
                , "line":732
              }
            ]
          ]
          , "type":"loop"
        }
        , {
          "name":"'lambda'().B2"
          , "id":126
          , "af":"480.00"
          , "br":"0"
          , "ci":"0"
          , "fo":"Disabled"
          , "ii":"1"
          , "ll":"1"
          , "lt":"1.000000"
          , "mi":"n/a"
          , "pl":"Yes"
          , "tc":"0"
          , "tn":"1"
          , "type":"bb"
        }
      ]
    }
    , {
      "name":"'lambda'()"
      , "id":28
      , "clk":"No"
      , "fmax":"480.00"
      , "type":"kernel"
      , "children":
      [
        {
          "name":"'lambda'().B0"
          , "id":127
          , "af":"480.00"
          , "br":"0"
          , "ci":"0"
          , "fo":"Disabled"
          , "ii":"1"
          , "ll":"1"
          , "lt":"2.000000"
          , "mi":"n/a"
          , "pl":"Yes"
          , "tc":"0"
          , "tn":"1"
          , "type":"bb"
        }
        , {
          "name":"'lambda'().B1"
          , "id":128
          , "af":"480.00"
          , "br":"1"
          , "ci":"0"
          , "fo":"Enabled"
          , "ii":"1"
          , "ll":"1"
          , "lt":"205.000000"
          , "mi":"1"
          , "pl":"Yes"
          , "tc":"0"
          , "tn":"1"
          , "details":
          [
            {
              "type":"text"
              , "text":"Hyper-Optimized loop structure: enabled."
            }
          ]
          , "debug":
          [
            [
              {
                "filename":"/ihome/ageorge/opl1/Documents/k_mers/kmer_testing/./src/two_bit_v19_HBM_test_v12_medium_v9_half.cpp"
                , "line":732
              }
            ]
          ]
          , "type":"loop"
        }
        , {
          "name":"'lambda'().B2"
          , "id":129
          , "af":"480.00"
          , "br":"0"
          , "ci":"0"
          , "fo":"Disabled"
          , "ii":"1"
          , "ll":"1"
          , "lt":"1.000000"
          , "mi":"n/a"
          , "pl":"Yes"
          , "tc":"0"
          , "tn":"1"
          , "type":"bb"
        }
      ]
    }
    , {
      "name":"'lambda'()"
      , "id":29
      , "clk":"No"
      , "fmax":"480.00"
      , "type":"kernel"
      , "children":
      [
        {
          "name":"'lambda'().B0"
          , "id":130
          , "af":"480.00"
          , "br":"0"
          , "ci":"0"
          , "fo":"Disabled"
          , "ii":"1"
          , "ll":"1"
          , "lt":"2.000000"
          , "mi":"n/a"
          , "pl":"Yes"
          , "tc":"0"
          , "tn":"1"
          , "type":"bb"
        }
        , {
          "name":"'lambda'().B1"
          , "id":131
          , "af":"480.00"
          , "br":"1"
          , "ci":"0"
          , "fo":"Enabled"
          , "ii":"1"
          , "ll":"1"
          , "lt":"205.000000"
          , "mi":"1"
          , "pl":"Yes"
          , "tc":"0"
          , "tn":"1"
          , "details":
          [
            {
              "type":"text"
              , "text":"Hyper-Optimized loop structure: enabled."
            }
          ]
          , "debug":
          [
            [
              {
                "filename":"/ihome/ageorge/opl1/Documents/k_mers/kmer_testing/./src/two_bit_v19_HBM_test_v12_medium_v9_half.cpp"
                , "line":732
              }
            ]
          ]
          , "type":"loop"
        }
        , {
          "name":"'lambda'().B2"
          , "id":132
          , "af":"480.00"
          , "br":"0"
          , "ci":"0"
          , "fo":"Disabled"
          , "ii":"1"
          , "ll":"1"
          , "lt":"1.000000"
          , "mi":"n/a"
          , "pl":"Yes"
          , "tc":"0"
          , "tn":"1"
          , "type":"bb"
        }
      ]
    }
    , {
      "name":"'lambda'()"
      , "id":30
      , "clk":"No"
      , "fmax":"480.00"
      , "type":"kernel"
      , "children":
      [
        {
          "name":"'lambda'().B0"
          , "id":133
          , "af":"480.00"
          , "br":"0"
          , "ci":"0"
          , "fo":"Disabled"
          , "ii":"1"
          , "ll":"1"
          , "lt":"2.000000"
          , "mi":"n/a"
          , "pl":"Yes"
          , "tc":"0"
          , "tn":"1"
          , "type":"bb"
        }
        , {
          "name":"'lambda'().B1"
          , "id":134
          , "af":"480.00"
          , "br":"1"
          , "ci":"0"
          , "fo":"Enabled"
          , "ii":"1"
          , "ll":"1"
          , "lt":"205.000000"
          , "mi":"1"
          , "pl":"Yes"
          , "tc":"0"
          , "tn":"1"
          , "details":
          [
            {
              "type":"text"
              , "text":"Hyper-Optimized loop structure: enabled."
            }
          ]
          , "debug":
          [
            [
              {
                "filename":"/ihome/ageorge/opl1/Documents/k_mers/kmer_testing/./src/two_bit_v19_HBM_test_v12_medium_v9_half.cpp"
                , "line":732
              }
            ]
          ]
          , "type":"loop"
        }
        , {
          "name":"'lambda'().B2"
          , "id":135
          , "af":"480.00"
          , "br":"0"
          , "ci":"0"
          , "fo":"Disabled"
          , "ii":"1"
          , "ll":"1"
          , "lt":"1.000000"
          , "mi":"n/a"
          , "pl":"Yes"
          , "tc":"0"
          , "tn":"1"
          , "type":"bb"
        }
      ]
    }
    , {
      "name":"'lambda'()"
      , "id":31
      , "clk":"No"
      , "fmax":"480.00"
      , "type":"kernel"
      , "children":
      [
        {
          "name":"'lambda'().B0"
          , "id":136
          , "af":"480.00"
          , "br":"0"
          , "ci":"0"
          , "fo":"Disabled"
          , "ii":"1"
          , "ll":"1"
          , "lt":"2.000000"
          , "mi":"n/a"
          , "pl":"Yes"
          , "tc":"0"
          , "tn":"1"
          , "type":"bb"
        }
        , {
          "name":"'lambda'().B1"
          , "id":137
          , "af":"480.00"
          , "br":"1"
          , "ci":"0"
          , "fo":"Enabled"
          , "ii":"1"
          , "ll":"1"
          , "lt":"205.000000"
          , "mi":"1"
          , "pl":"Yes"
          , "tc":"0"
          , "tn":"1"
          , "details":
          [
            {
              "type":"text"
              , "text":"Hyper-Optimized loop structure: enabled."
            }
          ]
          , "debug":
          [
            [
              {
                "filename":"/ihome/ageorge/opl1/Documents/k_mers/kmer_testing/./src/two_bit_v19_HBM_test_v12_medium_v9_half.cpp"
                , "line":732
              }
            ]
          ]
          , "type":"loop"
        }
        , {
          "name":"'lambda'().B2"
          , "id":138
          , "af":"480.00"
          , "br":"0"
          , "ci":"0"
          , "fo":"Disabled"
          , "ii":"1"
          , "ll":"1"
          , "lt":"1.000000"
          , "mi":"n/a"
          , "pl":"Yes"
          , "tc":"0"
          , "tn":"1"
          , "type":"bb"
        }
      ]
    }
    , {
      "name":"'lambda'()"
      , "id":32
      , "clk":"No"
      , "fmax":"480.00"
      , "type":"kernel"
      , "children":
      [
        {
          "name":"'lambda'().B0"
          , "id":139
          , "af":"480.00"
          , "br":"0"
          , "ci":"0"
          , "fo":"Disabled"
          , "ii":"1"
          , "ll":"1"
          , "lt":"2.000000"
          , "mi":"n/a"
          , "pl":"Yes"
          , "tc":"0"
          , "tn":"1"
          , "type":"bb"
        }
        , {
          "name":"'lambda'().B1"
          , "id":140
          , "af":"480.00"
          , "br":"1"
          , "ci":"0"
          , "fo":"Enabled"
          , "ii":"1"
          , "ll":"1"
          , "lt":"205.000000"
          , "mi":"1"
          , "pl":"Yes"
          , "tc":"0"
          , "tn":"1"
          , "details":
          [
            {
              "type":"text"
              , "text":"Hyper-Optimized loop structure: enabled."
            }
          ]
          , "debug":
          [
            [
              {
                "filename":"/ihome/ageorge/opl1/Documents/k_mers/kmer_testing/./src/two_bit_v19_HBM_test_v12_medium_v9_half.cpp"
                , "line":732
              }
            ]
          ]
          , "type":"loop"
        }
        , {
          "name":"'lambda'().B2"
          , "id":141
          , "af":"480.00"
          , "br":"0"
          , "ci":"0"
          , "fo":"Disabled"
          , "ii":"1"
          , "ll":"1"
          , "lt":"1.000000"
          , "mi":"n/a"
          , "pl":"Yes"
          , "tc":"0"
          , "tn":"1"
          , "type":"bb"
        }
      ]
    }
    , {
      "name":"'lambda'()"
      , "id":33
      , "clk":"No"
      , "fmax":"480.00"
      , "type":"kernel"
      , "children":
      [
        {
          "name":"'lambda'().B0"
          , "id":142
          , "af":"480.00"
          , "br":"0"
          , "ci":"0"
          , "fo":"Disabled"
          , "ii":"1"
          , "ll":"1"
          , "lt":"2.000000"
          , "mi":"n/a"
          , "pl":"Yes"
          , "tc":"0"
          , "tn":"1"
          , "type":"bb"
        }
        , {
          "name":"'lambda'().B1"
          , "id":143
          , "af":"480.00"
          , "br":"1"
          , "ci":"0"
          , "fo":"Enabled"
          , "ii":"1"
          , "ll":"1"
          , "lt":"205.000000"
          , "mi":"1"
          , "pl":"Yes"
          , "tc":"0"
          , "tn":"1"
          , "details":
          [
            {
              "type":"text"
              , "text":"Hyper-Optimized loop structure: enabled."
            }
          ]
          , "debug":
          [
            [
              {
                "filename":"/ihome/ageorge/opl1/Documents/k_mers/kmer_testing/./src/two_bit_v19_HBM_test_v12_medium_v9_half.cpp"
                , "line":732
              }
            ]
          ]
          , "type":"loop"
        }
        , {
          "name":"'lambda'().B2"
          , "id":144
          , "af":"480.00"
          , "br":"0"
          , "ci":"0"
          , "fo":"Disabled"
          , "ii":"1"
          , "ll":"1"
          , "lt":"1.000000"
          , "mi":"n/a"
          , "pl":"Yes"
          , "tc":"0"
          , "tn":"1"
          , "type":"bb"
        }
      ]
    }
    , {
      "name":"'lambda'()"
      , "id":34
      , "clk":"No"
      , "fmax":"480.00"
      , "type":"kernel"
      , "children":
      [
        {
          "name":"'lambda'().B0"
          , "id":145
          , "af":"480.00"
          , "br":"0"
          , "ci":"0"
          , "fo":"Disabled"
          , "ii":"1"
          , "ll":"1"
          , "lt":"2.000000"
          , "mi":"n/a"
          , "pl":"Yes"
          , "tc":"0"
          , "tn":"1"
          , "type":"bb"
        }
        , {
          "name":"'lambda'().B1"
          , "id":146
          , "af":"480.00"
          , "br":"1"
          , "ci":"0"
          , "fo":"Enabled"
          , "ii":"1"
          , "ll":"1"
          , "lt":"205.000000"
          , "mi":"1"
          , "pl":"Yes"
          , "tc":"0"
          , "tn":"1"
          , "details":
          [
            {
              "type":"text"
              , "text":"Hyper-Optimized loop structure: enabled."
            }
          ]
          , "debug":
          [
            [
              {
                "filename":"/ihome/ageorge/opl1/Documents/k_mers/kmer_testing/./src/two_bit_v19_HBM_test_v12_medium_v9_half.cpp"
                , "line":732
              }
            ]
          ]
          , "type":"loop"
        }
        , {
          "name":"'lambda'().B2"
          , "id":147
          , "af":"480.00"
          , "br":"0"
          , "ci":"0"
          , "fo":"Disabled"
          , "ii":"1"
          , "ll":"1"
          , "lt":"1.000000"
          , "mi":"n/a"
          , "pl":"Yes"
          , "tc":"0"
          , "tn":"1"
          , "type":"bb"
        }
      ]
    }
    , {
      "name":"'lambda'()"
      , "id":35
      , "clk":"No"
      , "fmax":"480.00"
      , "type":"kernel"
      , "children":
      [
        {
          "name":"'lambda'().B0"
          , "id":148
          , "af":"480.00"
          , "br":"0"
          , "ci":"0"
          , "fo":"Disabled"
          , "ii":"1"
          , "ll":"1"
          , "lt":"2.000000"
          , "mi":"n/a"
          , "pl":"Yes"
          , "tc":"0"
          , "tn":"1"
          , "type":"bb"
        }
        , {
          "name":"'lambda'().B1"
          , "id":149
          , "af":"480.00"
          , "br":"1"
          , "ci":"0"
          , "fo":"Enabled"
          , "ii":"1"
          , "ll":"1"
          , "lt":"205.000000"
          , "mi":"1"
          , "pl":"Yes"
          , "tc":"0"
          , "tn":"1"
          , "details":
          [
            {
              "type":"text"
              , "text":"Hyper-Optimized loop structure: enabled."
            }
          ]
          , "debug":
          [
            [
              {
                "filename":"/ihome/ageorge/opl1/Documents/k_mers/kmer_testing/./src/two_bit_v19_HBM_test_v12_medium_v9_half.cpp"
                , "line":732
              }
            ]
          ]
          , "type":"loop"
        }
        , {
          "name":"'lambda'().B2"
          , "id":150
          , "af":"480.00"
          , "br":"0"
          , "ci":"0"
          , "fo":"Disabled"
          , "ii":"1"
          , "ll":"1"
          , "lt":"1.000000"
          , "mi":"n/a"
          , "pl":"Yes"
          , "tc":"0"
          , "tn":"1"
          , "type":"bb"
        }
      ]
    }
    , {
      "name":"'lambda'()"
      , "id":6
      , "clk":"No"
      , "fmax":"480.00"
      , "type":"kernel"
      , "children":
      [
        {
          "name":"'lambda'().B0"
          , "id":61
          , "af":"480.00"
          , "br":"0"
          , "ci":"0"
          , "fo":"Disabled"
          , "ii":"1"
          , "ll":"1"
          , "lt":"2.000000"
          , "mi":"n/a"
          , "pl":"Yes"
          , "tc":"0"
          , "tn":"1"
          , "type":"bb"
        }
        , {
          "name":"'lambda'().B1"
          , "id":62
          , "af":"432.00"
          , "br":"1"
          , "ci":"0"
          , "fo":"Enabled"
          , "ii":"1"
          , "ll":"1"
          , "lt":"11.000000"
          , "mi":"1"
          , "pl":"Yes"
          , "tc":"268435456"
          , "tn":"1"
          , "details":
          [
            {
              "type":"text"
              , "text":"Hyper-Optimized loop structure: enabled."
            }
          ]
          , "debug":
          [
            [
              {
                "filename":"/opt/rh/gcc-toolset-12/root/usr/lib/gcc/x86_64-redhat-linux/12/../../../../include/c++/12/bits/stl_algobase.h"
                , "line":921
              }
            ]
          ]
          , "type":"loop"
        }
        , {
          "name":"'lambda'().B2"
          , "id":63
          , "af":"480.00"
          , "br":"0"
          , "ci":"0"
          , "fo":"Disabled"
          , "ii":"1"
          , "ll":"1"
          , "lt":"1.000000"
          , "mi":"n/a"
          , "pl":"Yes"
          , "tc":"0"
          , "tn":"1"
          , "type":"bb"
        }
      ]
    }
    , {
      "name":"'lambda'()"
      , "id":7
      , "clk":"No"
      , "fmax":"480.00"
      , "type":"kernel"
      , "children":
      [
        {
          "name":"'lambda'().B0"
          , "id":64
          , "af":"480.00"
          , "br":"0"
          , "ci":"0"
          , "fo":"Disabled"
          , "ii":"1"
          , "ll":"1"
          , "lt":"2.000000"
          , "mi":"n/a"
          , "pl":"Yes"
          , "tc":"0"
          , "tn":"1"
          , "type":"bb"
        }
        , {
          "name":"'lambda'().B1"
          , "id":65
          , "af":"432.00"
          , "br":"1"
          , "ci":"0"
          , "fo":"Enabled"
          , "ii":"1"
          , "ll":"1"
          , "lt":"11.000000"
          , "mi":"1"
          , "pl":"Yes"
          , "tc":"268435456"
          , "tn":"1"
          , "details":
          [
            {
              "type":"text"
              , "text":"Hyper-Optimized loop structure: enabled."
            }
          ]
          , "debug":
          [
            [
              {
                "filename":"/opt/rh/gcc-toolset-12/root/usr/lib/gcc/x86_64-redhat-linux/12/../../../../include/c++/12/bits/stl_algobase.h"
                , "line":921
              }
            ]
          ]
          , "type":"loop"
        }
        , {
          "name":"'lambda'().B2"
          , "id":66
          , "af":"480.00"
          , "br":"0"
          , "ci":"0"
          , "fo":"Disabled"
          , "ii":"1"
          , "ll":"1"
          , "lt":"1.000000"
          , "mi":"n/a"
          , "pl":"Yes"
          , "tc":"0"
          , "tn":"1"
          , "type":"bb"
        }
      ]
    }
    , {
      "name":"'lambda'()"
      , "id":8
      , "clk":"No"
      , "fmax":"480.00"
      , "type":"kernel"
      , "children":
      [
        {
          "name":"'lambda'().B0"
          , "id":67
          , "af":"480.00"
          , "br":"0"
          , "ci":"0"
          , "fo":"Disabled"
          , "ii":"1"
          , "ll":"1"
          , "lt":"2.000000"
          , "mi":"n/a"
          , "pl":"Yes"
          , "tc":"0"
          , "tn":"1"
          , "type":"bb"
        }
        , {
          "name":"'lambda'().B1"
          , "id":68
          , "af":"432.00"
          , "br":"1"
          , "ci":"0"
          , "fo":"Enabled"
          , "ii":"1"
          , "ll":"1"
          , "lt":"11.000000"
          , "mi":"1"
          , "pl":"Yes"
          , "tc":"268435456"
          , "tn":"1"
          , "details":
          [
            {
              "type":"text"
              , "text":"Hyper-Optimized loop structure: enabled."
            }
          ]
          , "debug":
          [
            [
              {
                "filename":"/opt/rh/gcc-toolset-12/root/usr/lib/gcc/x86_64-redhat-linux/12/../../../../include/c++/12/bits/stl_algobase.h"
                , "line":921
              }
            ]
          ]
          , "type":"loop"
        }
        , {
          "name":"'lambda'().B2"
          , "id":69
          , "af":"480.00"
          , "br":"0"
          , "ci":"0"
          , "fo":"Disabled"
          , "ii":"1"
          , "ll":"1"
          , "lt":"1.000000"
          , "mi":"n/a"
          , "pl":"Yes"
          , "tc":"0"
          , "tn":"1"
          , "type":"bb"
        }
      ]
    }
    , {
      "name":"'lambda'()"
      , "id":9
      , "clk":"No"
      , "fmax":"480.00"
      , "type":"kernel"
      , "children":
      [
        {
          "name":"'lambda'().B0"
          , "id":70
          , "af":"480.00"
          , "br":"0"
          , "ci":"0"
          , "fo":"Disabled"
          , "ii":"1"
          , "ll":"1"
          , "lt":"2.000000"
          , "mi":"n/a"
          , "pl":"Yes"
          , "tc":"0"
          , "tn":"1"
          , "type":"bb"
        }
        , {
          "name":"'lambda'().B1"
          , "id":71
          , "af":"432.00"
          , "br":"1"
          , "ci":"0"
          , "fo":"Enabled"
          , "ii":"1"
          , "ll":"1"
          , "lt":"11.000000"
          , "mi":"1"
          , "pl":"Yes"
          , "tc":"268435456"
          , "tn":"1"
          , "details":
          [
            {
              "type":"text"
              , "text":"Hyper-Optimized loop structure: enabled."
            }
          ]
          , "debug":
          [
            [
              {
                "filename":"/opt/rh/gcc-toolset-12/root/usr/lib/gcc/x86_64-redhat-linux/12/../../../../include/c++/12/bits/stl_algobase.h"
                , "line":921
              }
            ]
          ]
          , "type":"loop"
        }
        , {
          "name":"'lambda'().B2"
          , "id":72
          , "af":"480.00"
          , "br":"0"
          , "ci":"0"
          , "fo":"Disabled"
          , "ii":"1"
          , "ll":"1"
          , "lt":"1.000000"
          , "mi":"n/a"
          , "pl":"Yes"
          , "tc":"0"
          , "tn":"1"
          , "type":"bb"
        }
      ]
    }
    , {
      "name":"'lambda'()"
      , "id":10
      , "clk":"No"
      , "fmax":"480.00"
      , "type":"kernel"
      , "children":
      [
        {
          "name":"'lambda'().B0"
          , "id":73
          , "af":"480.00"
          , "br":"0"
          , "ci":"0"
          , "fo":"Disabled"
          , "ii":"1"
          , "ll":"1"
          , "lt":"2.000000"
          , "mi":"n/a"
          , "pl":"Yes"
          , "tc":"0"
          , "tn":"1"
          , "type":"bb"
        }
        , {
          "name":"'lambda'().B1"
          , "id":74
          , "af":"432.00"
          , "br":"1"
          , "ci":"0"
          , "fo":"Enabled"
          , "ii":"1"
          , "ll":"1"
          , "lt":"11.000000"
          , "mi":"1"
          , "pl":"Yes"
          , "tc":"268435456"
          , "tn":"1"
          , "details":
          [
            {
              "type":"text"
              , "text":"Hyper-Optimized loop structure: enabled."
            }
          ]
          , "debug":
          [
            [
              {
                "filename":"/opt/rh/gcc-toolset-12/root/usr/lib/gcc/x86_64-redhat-linux/12/../../../../include/c++/12/bits/stl_algobase.h"
                , "line":921
              }
            ]
          ]
          , "type":"loop"
        }
        , {
          "name":"'lambda'().B2"
          , "id":75
          , "af":"480.00"
          , "br":"0"
          , "ci":"0"
          , "fo":"Disabled"
          , "ii":"1"
          , "ll":"1"
          , "lt":"1.000000"
          , "mi":"n/a"
          , "pl":"Yes"
          , "tc":"0"
          , "tn":"1"
          , "type":"bb"
        }
      ]
    }
    , {
      "name":"'lambda'()"
      , "id":11
      , "clk":"No"
      , "fmax":"480.00"
      , "type":"kernel"
      , "children":
      [
        {
          "name":"'lambda'().B0"
          , "id":76
          , "af":"480.00"
          , "br":"0"
          , "ci":"0"
          , "fo":"Disabled"
          , "ii":"1"
          , "ll":"1"
          , "lt":"2.000000"
          , "mi":"n/a"
          , "pl":"Yes"
          , "tc":"0"
          , "tn":"1"
          , "type":"bb"
        }
        , {
          "name":"'lambda'().B1"
          , "id":77
          , "af":"432.00"
          , "br":"1"
          , "ci":"0"
          , "fo":"Enabled"
          , "ii":"1"
          , "ll":"1"
          , "lt":"11.000000"
          , "mi":"1"
          , "pl":"Yes"
          , "tc":"268435456"
          , "tn":"1"
          , "details":
          [
            {
              "type":"text"
              , "text":"Hyper-Optimized loop structure: enabled."
            }
          ]
          , "debug":
          [
            [
              {
                "filename":"/opt/rh/gcc-toolset-12/root/usr/lib/gcc/x86_64-redhat-linux/12/../../../../include/c++/12/bits/stl_algobase.h"
                , "line":921
              }
            ]
          ]
          , "type":"loop"
        }
        , {
          "name":"'lambda'().B2"
          , "id":78
          , "af":"480.00"
          , "br":"0"
          , "ci":"0"
          , "fo":"Disabled"
          , "ii":"1"
          , "ll":"1"
          , "lt":"1.000000"
          , "mi":"n/a"
          , "pl":"Yes"
          , "tc":"0"
          , "tn":"1"
          , "type":"bb"
        }
      ]
    }
    , {
      "name":"'lambda'()"
      , "id":12
      , "clk":"No"
      , "fmax":"480.00"
      , "type":"kernel"
      , "children":
      [
        {
          "name":"'lambda'().B0"
          , "id":79
          , "af":"480.00"
          , "br":"0"
          , "ci":"0"
          , "fo":"Disabled"
          , "ii":"1"
          , "ll":"1"
          , "lt":"2.000000"
          , "mi":"n/a"
          , "pl":"Yes"
          , "tc":"0"
          , "tn":"1"
          , "type":"bb"
        }
        , {
          "name":"'lambda'().B1"
          , "id":80
          , "af":"432.00"
          , "br":"1"
          , "ci":"0"
          , "fo":"Enabled"
          , "ii":"1"
          , "ll":"1"
          , "lt":"11.000000"
          , "mi":"1"
          , "pl":"Yes"
          , "tc":"268435456"
          , "tn":"1"
          , "details":
          [
            {
              "type":"text"
              , "text":"Hyper-Optimized loop structure: enabled."
            }
          ]
          , "debug":
          [
            [
              {
                "filename":"/opt/rh/gcc-toolset-12/root/usr/lib/gcc/x86_64-redhat-linux/12/../../../../include/c++/12/bits/stl_algobase.h"
                , "line":921
              }
            ]
          ]
          , "type":"loop"
        }
        , {
          "name":"'lambda'().B2"
          , "id":81
          , "af":"480.00"
          , "br":"0"
          , "ci":"0"
          , "fo":"Disabled"
          , "ii":"1"
          , "ll":"1"
          , "lt":"1.000000"
          , "mi":"n/a"
          , "pl":"Yes"
          , "tc":"0"
          , "tn":"1"
          , "type":"bb"
        }
      ]
    }
    , {
      "name":"'lambda'()"
      , "id":13
      , "clk":"No"
      , "fmax":"480.00"
      , "type":"kernel"
      , "children":
      [
        {
          "name":"'lambda'().B0"
          , "id":82
          , "af":"480.00"
          , "br":"0"
          , "ci":"0"
          , "fo":"Disabled"
          , "ii":"1"
          , "ll":"1"
          , "lt":"2.000000"
          , "mi":"n/a"
          , "pl":"Yes"
          , "tc":"0"
          , "tn":"1"
          , "type":"bb"
        }
        , {
          "name":"'lambda'().B1"
          , "id":83
          , "af":"432.00"
          , "br":"1"
          , "ci":"0"
          , "fo":"Enabled"
          , "ii":"1"
          , "ll":"1"
          , "lt":"11.000000"
          , "mi":"1"
          , "pl":"Yes"
          , "tc":"268435456"
          , "tn":"1"
          , "details":
          [
            {
              "type":"text"
              , "text":"Hyper-Optimized loop structure: enabled."
            }
          ]
          , "debug":
          [
            [
              {
                "filename":"/opt/rh/gcc-toolset-12/root/usr/lib/gcc/x86_64-redhat-linux/12/../../../../include/c++/12/bits/stl_algobase.h"
                , "line":921
              }
            ]
          ]
          , "type":"loop"
        }
        , {
          "name":"'lambda'().B2"
          , "id":84
          , "af":"480.00"
          , "br":"0"
          , "ci":"0"
          , "fo":"Disabled"
          , "ii":"1"
          , "ll":"1"
          , "lt":"1.000000"
          , "mi":"n/a"
          , "pl":"Yes"
          , "tc":"0"
          , "tn":"1"
          , "type":"bb"
        }
      ]
    }
  ]
}
